week_end,district,n_onedose,n_2024,n_2025,coverage_onedose,coverage_2024,coverage_2025
2020-12-19,North,6529,0,0,0.7,0.0,0.0
2020-12-19,West,2134,0,0,0.4,0.0,0.0
2020-12-19,Southwest,2147,0,0,0.6,0.0,0.0
2020-12-19,South,1307,0,0,0.3,0.0,0.0
2020-12-26,North,10619,0,0,1.1,0.0,0.0
2020-12-26,West,4266,0,0,0.8,0.0,0.0
2020-12-26,Southwest,3838,0,0,1.0,0.0,0.0
2020-12-26,South,2739,0,0,0.6,0.0,0.0
2021-01-02,North,16533,0,0,1.7,0.0,0.0
2021-01-02,West,7672,0,0,1.5,0.0,0.0
2021-01-02,Southwest,6589,0,0,1.8,0.0,0.0
2021-01-02,South,4656,0,0,1.1,0.0,0.0
2021-01-09,North,25492,0,0,2.7,0.0,0.0
2021-01-09,West,10627,0,0,2.1,0.0,0.0
2021-01-09,Southwest,8875,0,0,2.4,0.0,0.0
2021-01-09,South,6692,0,0,1.5,0.0,0.0
2021-01-16,North,35961,0,0,3.7,0.0,0.0
2021-01-16,West,15029,0,0,2.9,0.0,0.0
2021-01-16,Southwest,12200,0,0,3.3,0.0,0.0
2021-01-16,South,9577,0,0,2.2,0.0,0.0
2021-01-23,North,48764,0,0,5.1,0.0,0.0
2021-01-23,West,21224,0,0,4.2,0.0,0.0
2021-01-23,Southwest,17181,0,0,4.6,0.0,0.0
2021-01-23,South,14105,0,0,3.2,0.0,0.0
2021-01-30,North,69686,0,0,7.3,0.0,0.0
2021-01-30,West,29633,0,0,5.8,0.0,0.0
2021-01-30,Southwest,26057,0,0,7.0,0.0,0.0
2021-01-30,South,22709,0,0,5.1,0.0,0.0
2021-02-06,North,99369,0,0,10.3,0.0,0.0
2021-02-06,West,42865,0,0,8.4,0.0,0.0
2021-02-06,Southwest,36706,0,0,9.8,0.0,0.0
2021-02-06,South,33367,0,0,7.5,0.0,0.0
2021-02-13,North,132920,0,0,13.8,0.0,0.0
2021-02-13,West,56276,0,0,11.0,0.0,0.0
2021-02-13,Southwest,46690,0,0,12.5,0.0,0.0
2021-02-13,South,43516,0,0,9.8,0.0,0.0
2021-02-20,North,156902,0,0,16.3,0.0,0.0
2021-02-20,West,64365,0,0,12.6,0.0,0.0
2021-02-20,Southwest,53921,0,0,14.4,0.0,0.0
2021-02-20,South,50470,0,0,11.4,0.0,0.0
2021-02-27,North,179436,0,0,18.7,0.0,0.0
2021-02-27,West,74921,0,0,14.7,0.0,0.0
2021-02-27,Southwest,60409,0,0,16.2,0.0,0.0
2021-02-27,South,58220,0,0,13.1,0.0,0.0
2021-03-06,North,205064,0,0,21.3,0.0,0.0
2021-03-06,West,86512,0,0,16.9,0.0,0.0
2021-03-06,Southwest,68582,0,0,18.4,0.0,0.0
2021-03-06,South,67117,0,0,15.2,0.0,0.0
2021-03-13,North,239932,0,0,25.0,0.0,0.0
2021-03-13,West,102981,0,0,20.1,0.0,0.0
2021-03-13,Southwest,78175,0,0,20.9,0.0,0.0
2021-03-13,South,80519,0,0,18.2,0.0,0.0
2021-03-20,North,284438,0,0,29.6,0.0,0.0
2021-03-20,West,123371,0,0,24.1,0.0,0.0
2021-03-20,Southwest,90086,0,0,24.1,0.0,0.0
2021-03-20,South,94249,0,0,21.3,0.0,0.0
2021-03-27,North,327990,0,0,34.1,0.0,0.0
2021-03-27,West,145463,0,0,28.5,0.0,0.0
2021-03-27,Southwest,101924,0,0,27.3,0.0,0.0
2021-03-27,South,106987,0,0,24.2,0.0,0.0
2021-04-03,North,379485,0,0,39.5,0.0,0.0
2021-04-03,West,171097,0,0,33.5,0.0,0.0
2021-04-03,Southwest,115997,0,0,31.1,0.0,0.0
2021-04-03,South,123360,0,0,27.8,0.0,0.0
2021-04-10,North,424352,0,0,44.2,0.0,0.0
2021-04-10,West,193328,0,0,37.8,0.0,0.0
2021-04-10,Southwest,130596,0,0,35.0,0.0,0.0
2021-04-10,South,140337,0,0,31.7,0.0,0.0
2021-04-17,North,467987,0,0,48.7,0.0,0.0
2021-04-17,West,212561,0,0,41.6,0.0,0.0
2021-04-17,Southwest,144567,0,0,38.7,0.0,0.0
2021-04-17,South,155120,0,0,35.0,0.0,0.0
2021-04-24,North,500477,0,0,52.1,0.0,0.0
2021-04-24,West,227770,0,0,44.6,0.0,0.0
2021-04-24,Southwest,154627,0,0,41.4,0.0,0.0
2021-04-24,South,166738,0,0,37.6,0.0,0.0
2021-05-01,North,527655,0,0,54.9,0.0,0.0
2021-05-01,West,240421,0,0,47.0,0.0,0.0
2021-05-01,Southwest,161354,0,0,43.2,0.0,0.0
2021-05-01,South,173729,0,0,39.2,0.0,0.0
2021-05-08,North,544006,0,0,56.6,0.0,0.0
2021-05-08,West,250492,0,0,49.0,0.0,0.0
2021-05-08,Southwest,166349,0,0,44.5,0.0,0.0
2021-05-08,South,179659,0,0,40.6,0.0,0.0
2021-05-15,North,563403,0,0,58.6,0.0,0.0
2021-05-15,West,261060,0,0,51.1,0.0,0.0
2021-05-15,Southwest,171866,0,0,46.0,0.0,0.0
2021-05-15,South,186978,0,0,42.2,0.0,0.0
2021-05-22,North,588008,0,0,61.2,0.0,0.0
2021-05-22,West,273680,0,0,53.5,0.0,0.0
2021-05-22,Southwest,179005,0,0,47.9,0.0,0.0
2021-05-22,South,194350,0,0,43.9,0.0,0.0
2021-05-29,North,601752,0,0,62.6,0.0,0.0
2021-05-29,West,281286,0,0,55.0,0.0,0.0
2021-05-29,Southwest,183295,0,0,49.1,0.0,0.0
2021-05-29,South,199375,0,0,45.0,0.0,0.0
2021-06-05,North,611999,0,0,63.7,0.0,0.0
2021-06-05,West,286341,0,0,56.0,0.0,0.0
2021-06-05,Southwest,186666,0,0,50.0,0.0,0.0
2021-06-05,South,203656,0,0,46.0,0.0,0.0
2021-06-12,North,619652,0,0,64.5,0.0,0.0
2021-06-12,West,291341,0,0,57.0,0.0,0.0
2021-06-12,Southwest,189659,0,0,50.8,0.0,0.0
2021-06-12,South,207408,0,0,46.8,0.0,0.0
2021-06-19,North,625927,0,0,65.1,0.0,0.0
2021-06-19,West,295362,0,0,57.8,0.0,0.0
2021-06-19,Southwest,192020,0,0,51.4,0.0,0.0
2021-06-19,South,210285,0,0,47.5,0.0,0.0
2021-06-26,North,630859,0,0,65.7,0.0,0.0
2021-06-26,West,298130,0,0,58.3,0.0,0.0
2021-06-26,Southwest,193856,0,0,51.9,0.0,0.0
2021-06-26,South,212622,0,0,48.0,0.0,0.0
2021-07-03,North,636360,0,0,66.2,0.0,0.0
2021-07-03,West,301390,0,0,59.0,0.0,0.0
2021-07-03,Southwest,196004,0,0,52.5,0.0,0.0
2021-07-03,South,215418,0,0,48.6,0.0,0.0
2021-07-10,North,640412,0,0,66.6,0.0,0.0
2021-07-10,West,303884,0,0,59.5,0.0,0.0
2021-07-10,Southwest,197584,0,0,52.9,0.0,0.0
2021-07-10,South,217509,0,0,49.1,0.0,0.0
2021-07-17,North,645608,0,0,67.2,0.0,0.0
2021-07-17,West,307150,0,0,60.1,0.0,0.0
2021-07-17,Southwest,199814,0,0,53.5,0.0,0.0
2021-07-17,South,220271,0,0,49.7,0.0,0.0
2021-07-24,North,651085,0,0,67.8,0.0,0.0
2021-07-24,West,310737,0,0,60.8,0.0,0.0
2021-07-24,Southwest,202282,0,0,54.2,0.0,0.0
2021-07-24,South,223554,0,0,50.5,0.0,0.0
2021-07-31,North,656427,0,0,68.3,0.0,0.0
2021-07-31,West,314362,0,0,61.5,0.0,0.0
2021-07-31,Southwest,204802,0,0,54.8,0.0,0.0
2021-07-31,South,227006,0,0,51.2,0.0,0.0
2021-08-07,North,662238,0,0,68.9,0.0,0.0
2021-08-07,West,318456,0,0,62.3,0.0,0.0
2021-08-07,Southwest,207790,0,0,55.6,0.0,0.0
2021-08-07,South,231063,0,0,52.2,0.0,0.0
2021-08-14,North,667524,0,0,69.5,0.0,0.0
2021-08-14,West,322192,0,0,63.0,0.0,0.0
2021-08-14,Southwest,210473,0,0,56.3,0.0,0.0
2021-08-14,South,234595,0,0,53.0,0.0,0.0
2021-08-21,North,672604,0,0,70.0,0.0,0.0
2021-08-21,West,325536,0,0,63.7,0.0,0.0
2021-08-21,Southwest,212840,0,0,57.0,0.0,0.0
2021-08-21,South,238023,0,0,53.7,0.0,0.0
2021-08-28,North,677513,0,0,70.5,0.0,0.0
2021-08-28,West,328804,0,0,64.3,0.0,0.0
2021-08-28,Southwest,215426,0,0,57.7,0.0,0.0
2021-08-28,South,241286,0,0,54.5,0.0,0.0
2021-09-04,North,682416,0,0,71.0,0.0,0.0
2021-09-04,West,332032,0,0,65.0,0.0,0.0
2021-09-04,Southwest,218283,0,0,58.4,0.0,0.0
2021-09-04,South,244947,0,0,55.3,0.0,0.0
2021-09-11,North,685744,0,0,71.4,0.0,0.0
2021-09-11,West,334376,0,0,65.4,0.0,0.0
2021-09-11,Southwest,220187,0,0,58.9,0.0,0.0
2021-09-11,South,247509,0,0,55.9,0.0,0.0
2021-09-18,North,689019,0,0,71.7,0.0,0.0
2021-09-18,West,336633,0,0,65.9,0.0,0.0
2021-09-18,Southwest,221991,0,0,59.4,0.0,0.0
2021-09-18,South,250265,0,0,56.5,0.0,0.0
2021-09-25,North,692148,0,0,72.0,0.0,0.0
2021-09-25,West,338740,0,0,66.3,0.0,0.0
2021-09-25,Southwest,223545,0,0,59.8,0.0,0.0
2021-09-25,South,252503,0,0,57.0,0.0,0.0
2021-10-02,North,696042,0,0,72.4,0.0,0.0
2021-10-02,West,340978,0,0,66.7,0.0,0.0
2021-10-02,Southwest,225183,0,0,60.3,0.0,0.0
2021-10-02,South,254983,0,0,57.6,0.0,0.0
2021-10-09,North,699823,0,0,72.8,0.0,0.0
2021-10-09,West,343041,0,0,67.1,0.0,0.0
2021-10-09,Southwest,226703,0,0,60.7,0.0,0.0
2021-10-09,South,257236,0,0,58.1,0.0,0.0
2021-10-16,North,703331,0,0,73.2,0.0,0.0
2021-10-16,West,344945,0,0,67.5,0.0,0.0
2021-10-16,Southwest,228001,0,0,61.0,0.0,0.0
2021-10-16,South,259263,0,0,58.5,0.0,0.0
2021-10-23,North,707430,0,0,73.6,0.0,0.0
2021-10-23,West,346971,0,0,67.9,0.0,0.0
2021-10-23,Southwest,229345,0,0,61.4,0.0,0.0
2021-10-23,South,261183,0,0,59.0,0.0,0.0
2021-10-30,North,713024,0,0,74.2,0.0,0.0
2021-10-30,West,349490,0,0,68.4,0.0,0.0
2021-10-30,Southwest,231098,0,0,61.9,0.0,0.0
2021-10-30,South,263484,0,0,59.5,0.0,0.0
2021-11-06,North,719925,0,0,74.9,0.0,0.0
2021-11-06,West,352317,0,0,68.9,0.0,0.0
2021-11-06,Southwest,233115,0,0,62.4,0.0,0.0
2021-11-06,South,265748,0,0,60.0,0.0,0.0
2021-11-13,North,734251,0,0,76.4,0.0,0.0
2021-11-13,West,358738,0,0,70.2,0.0,0.0
2021-11-13,Southwest,235998,0,0,63.2,0.0,0.0
2021-11-13,South,269170,0,0,60.8,0.0,0.0
2021-11-20,North,746833,0,0,77.7,0.0,0.0
2021-11-20,West,363821,0,0,71.2,0.0,0.0
2021-11-20,Southwest,239121,0,0,64.0,0.0,0.0
2021-11-20,South,272649,0,0,61.6,0.0,0.0
2021-11-27,North,755888,0,0,78.7,0.0,0.0
2021-11-27,West,367430,0,0,71.9,0.0,0.0
2021-11-27,Southwest,241443,0,0,64.6,0.0,0.0
2021-11-27,South,275355,0,0,62.2,0.0,0.0
2021-12-04,North,767484,0,0,79.9,0.0,0.0
2021-12-04,West,372222,0,0,72.8,0.0,0.0
2021-12-04,Southwest,244307,0,0,65.4,0.0,0.0
2021-12-04,South,279126,0,0,63.0,0.0,0.0
2021-12-11,North,777861,0,0,81.0,0.0,0.0
2021-12-11,West,376857,0,0,73.7,0.0,0.0
2021-12-11,Southwest,247074,0,0,66.1,0.0,0.0
2021-12-11,South,282832,0,0,63.9,0.0,0.0
2021-12-18,North,787774,0,0,82.0,0.0,0.0
2021-12-18,West,381270,0,0,74.6,0.0,0.0
2021-12-18,Southwest,249782,0,0,66.9,0.0,0.0
2021-12-18,South,286160,0,0,64.6,0.0,0.0
2021-12-25,North,796162,0,0,82.9,0.0,0.0
2021-12-25,West,384990,0,0,75.3,0.0,0.0
2021-12-25,Southwest,252172,0,0,67.5,0.0,0.0
2021-12-25,South,289106,0,0,65.3,0.0,0.0
2022-01-01,North,804184,0,0,83.7,0.0,0.0
2022-01-01,West,389144,0,0,76.1,0.0,0.0
2022-01-01,Southwest,254735,0,0,68.2,0.0,0.0
2022-01-01,South,292259,0,0,66.0,0.0,0.0
2022-01-08,North,814063,0,0,84.7,0.0,0.0
2022-01-08,West,395564,0,0,77.4,0.0,0.0
2022-01-08,Southwest,258319,0,0,69.2,0.0,0.0
2022-01-08,South,296716,0,0,67.0,0.0,0.0
2022-01-15,North,823218,0,0,85.7,0.0,0.0
2022-01-15,West,401491,0,0,78.6,0.0,0.0
2022-01-15,Southwest,261453,0,0,70.0,0.0,0.0
2022-01-15,South,301031,0,0,68.0,0.0,0.0
2022-01-22,North,830259,0,0,86.4,0.0,0.0
2022-01-22,West,406226,0,0,79.5,0.0,0.0
2022-01-22,Southwest,264049,0,0,70.7,0.0,0.0
2022-01-22,South,304422,0,0,68.7,0.0,0.0
2022-01-29,North,835307,0,0,86.9,0.0,0.0
2022-01-29,West,409507,0,0,80.1,0.0,0.0
2022-01-29,Southwest,266045,0,0,71.2,0.0,0.0
2022-01-29,South,306953,0,0,69.3,0.0,0.0
2022-02-05,North,838852,0,0,87.3,0.0,0.0
2022-02-05,West,411734,0,0,80.6,0.0,0.0
2022-02-05,Southwest,267524,0,0,71.6,0.0,0.0
2022-02-05,South,308899,0,0,69.7,0.0,0.0
2022-02-12,North,841553,0,0,87.6,0.0,0.0
2022-02-12,West,414014,0,0,81.0,0.0,0.0
2022-02-12,Southwest,268715,0,0,71.9,0.0,0.0
2022-02-12,South,310899,0,0,70.2,0.0,0.0
2022-02-19,North,843324,0,0,87.8,0.0,0.0
2022-02-19,West,415310,0,0,81.3,0.0,0.0
2022-02-19,Southwest,269376,0,0,72.1,0.0,0.0
2022-02-19,South,312151,0,0,70.5,0.0,0.0
2022-02-26,North,844925,0,0,87.9,0.0,0.0
2022-02-26,West,416646,0,0,81.5,0.0,0.0
2022-02-26,Southwest,270022,0,0,72.3,0.0,0.0
2022-02-26,South,313239,0,0,70.7,0.0,0.0
2022-03-05,North,846124,0,0,88.1,0.0,0.0
2022-03-05,West,417530,0,0,81.7,0.0,0.0
2022-03-05,Southwest,270520,0,0,72.4,0.0,0.0
2022-03-05,South,314055,0,0,70.9,0.0,0.0
2022-03-12,North,846927,0,0,88.1,0.0,0.0
2022-03-12,West,418149,0,0,81.8,0.0,0.0
2022-03-12,Southwest,270852,0,0,72.5,0.0,0.0
2022-03-12,South,314656,0,0,71.0,0.0,0.0
2022-03-19,North,847774,0,0,88.2,0.0,0.0
2022-03-19,West,418702,0,0,81.9,0.0,0.0
2022-03-19,Southwest,271156,0,0,72.6,0.0,0.0
2022-03-19,South,315225,0,0,71.2,0.0,0.0
2022-03-26,North,848518,0,0,88.3,0.0,0.0
2022-03-26,West,419118,0,0,82.0,0.0,0.0
2022-03-26,Southwest,271445,0,0,72.7,0.0,0.0
2022-03-26,South,315650,0,0,71.3,0.0,0.0
2022-04-02,North,849326,0,0,88.4,0.0,0.0
2022-04-02,West,419559,0,0,82.1,0.0,0.0
2022-04-02,Southwest,271715,0,0,72.7,0.0,0.0
2022-04-02,South,316144,0,0,71.4,0.0,0.0
2022-04-09,North,850290,0,0,88.5,0.0,0.0
2022-04-09,West,420048,0,0,82.2,0.0,0.0
2022-04-09,Southwest,271970,0,0,72.8,0.0,0.0
2022-04-09,South,316576,0,0,71.5,0.0,0.0
2022-04-16,North,851337,0,0,88.6,0.0,0.0
2022-04-16,West,420483,0,0,82.3,0.0,0.0
2022-04-16,Southwest,272266,0,0,72.9,0.0,0.0
2022-04-16,South,316961,0,0,71.6,0.0,0.0
2022-04-23,North,852220,0,0,88.7,0.0,0.0
2022-04-23,West,420924,0,0,82.4,0.0,0.0
2022-04-23,Southwest,272534,0,0,73.0,0.0,0.0
2022-04-23,South,317382,0,0,71.7,0.0,0.0
2022-04-30,North,853034,0,0,88.8,0.0,0.0
2022-04-30,West,421345,0,0,82.4,0.0,0.0
2022-04-30,Southwest,272795,0,0,73.0,0.0,0.0
2022-04-30,South,317748,0,0,71.7,0.0,0.0
2022-05-07,North,853696,0,0,88.8,0.0,0.0
2022-05-07,West,421706,0,0,82.5,0.0,0.0
2022-05-07,Southwest,273006,0,0,73.1,0.0,0.0
2022-05-07,South,318089,0,0,71.8,0.0,0.0
2022-05-14,North,854500,0,0,88.9,0.0,0.0
2022-05-14,West,422116,0,0,82.6,0.0,0.0
2022-05-14,Southwest,273298,0,0,73.2,0.0,0.0
2022-05-14,South,318443,0,0,71.9,0.0,0.0
2022-05-21,North,855402,0,0,89.0,0.0,0.0
2022-05-21,West,422574,0,0,82.7,0.0,0.0
2022-05-21,Southwest,273560,0,0,73.2,0.0,0.0
2022-05-21,South,318862,0,0,72.0,0.0,0.0
2022-05-28,North,856475,0,0,89.1,0.0,0.0
2022-05-28,West,423069,0,0,82.8,0.0,0.0
2022-05-28,Southwest,273821,0,0,73.3,0.0,0.0
2022-05-28,South,319271,0,0,72.1,0.0,0.0
2022-06-04,North,857281,0,0,89.2,0.0,0.0
2022-06-04,West,423443,0,0,82.9,0.0,0.0
2022-06-04,Southwest,274036,0,0,73.4,0.0,0.0
2022-06-04,South,319592,0,0,72.1,0.0,0.0
2022-06-11,North,858015,0,0,89.3,0.0,0.0
2022-06-11,West,423817,0,0,82.9,0.0,0.0
2022-06-11,Southwest,274282,0,0,73.4,0.0,0.0
2022-06-11,South,319935,0,0,72.2,0.0,0.0
2022-06-18,North,858719,0,0,89.4,0.0,0.0
2022-06-18,West,424124,0,0,83.0,0.0,0.0
2022-06-18,Southwest,274478,0,0,73.5,0.0,0.0
2022-06-18,South,320268,0,0,72.3,0.0,0.0
2022-06-25,North,860127,0,0,89.5,0.0,0.0
2022-06-25,West,424649,0,0,83.1,0.0,0.0
2022-06-25,Southwest,274739,0,0,73.6,0.0,0.0
2022-06-25,South,320610,0,0,72.4,0.0,0.0
2022-07-02,North,861998,0,0,89.7,0.0,0.0
2022-07-02,West,425369,0,0,83.2,0.0,0.0
2022-07-02,Southwest,275053,0,0,73.6,0.0,0.0
2022-07-02,South,321005,0,0,72.5,0.0,0.0
2022-07-09,North,863373,0,0,89.9,0.0,0.0
2022-07-09,West,426000,0,0,83.4,0.0,0.0
2022-07-09,Southwest,275342,0,0,73.7,0.0,0.0
2022-07-09,South,321440,0,0,72.6,0.0,0.0
2022-07-16,North,864833,0,0,90.0,0.0,0.0
2022-07-16,West,426715,0,0,83.5,0.0,0.0
2022-07-16,Southwest,275700,0,0,73.8,0.0,0.0
2022-07-16,South,321968,0,0,72.7,0.0,0.0
2022-07-23,North,866425,0,0,>90,0.0,0.0
2022-07-23,West,427427,0,0,83.6,0.0,0.0
2022-07-23,Southwest,276070,0,0,73.9,0.0,0.0
2022-07-23,South,322400,0,0,72.8,0.0,0.0
2022-07-30,North,867973,0,0,>90,0.0,0.0
2022-07-30,West,428117,0,0,83.8,0.0,0.0
2022-07-30,Southwest,276349,0,0,74.0,0.0,0.0
2022-07-30,South,322804,0,0,72.9,0.0,0.0
2022-08-06,North,869412,0,0,>90,0.0,0.0
2022-08-06,West,428791,0,0,83.9,0.0,0.0
2022-08-06,Southwest,276638,0,0,74.1,0.0,0.0
2022-08-06,South,323180,0,0,73.0,0.0,0.0
2022-08-13,North,870691,0,0,>90,0.0,0.0
2022-08-13,West,429404,0,0,84.0,0.0,0.0
2022-08-13,Southwest,276919,0,0,74.1,0.0,0.0
2022-08-13,South,323584,0,0,73.1,0.0,0.0
2022-08-20,North,871799,0,0,>90,0.0,0.0
2022-08-20,West,429967,0,0,84.1,0.0,0.0
2022-08-20,Southwest,277182,0,0,74.2,0.0,0.0
2022-08-20,South,323928,0,0,73.1,0.0,0.0
2022-08-27,North,872733,0,0,>90,0.0,0.0
2022-08-27,West,430398,0,0,84.2,0.0,0.0
2022-08-27,Southwest,277367,0,0,74.3,0.0,0.0
2022-08-27,South,324218,0,0,73.2,0.0,0.0
2022-09-03,North,873425,0,0,>90,0.0,0.0
2022-09-03,West,430769,0,0,84.3,0.0,0.0
2022-09-03,Southwest,277530,0,0,74.3,0.0,0.0
2022-09-03,South,324449,0,0,73.2,0.0,0.0
2022-09-10,North,874497,0,0,>90,0.0,0.0
2022-09-10,West,431228,0,0,84.4,0.0,0.0
2022-09-10,Southwest,277747,0,0,74.4,0.0,0.0
2022-09-10,South,324724,0,0,73.3,0.0,0.0
2022-09-17,North,875963,0,0,>90,0.0,0.0
2022-09-17,West,431861,0,0,84.5,0.0,0.0
2022-09-17,Southwest,277985,0,0,74.4,0.0,0.0
2022-09-17,South,325066,0,0,73.4,0.0,0.0
2022-09-24,North,877509,0,0,>90,0.0,0.0
2022-09-24,West,432447,0,0,84.6,0.0,0.0
2022-09-24,Southwest,278265,0,0,74.5,0.0,0.0
2022-09-24,South,325435,0,0,73.5,0.0,0.0
2022-10-01,North,879113,0,0,>90,0.0,0.0
2022-10-01,West,433185,0,0,84.8,0.0,0.0
2022-10-01,Southwest,278602,0,0,74.6,0.0,0.0
2022-10-01,South,325847,0,0,73.6,0.0,0.0
2022-10-08,North,880741,0,0,>90,0.0,0.0
2022-10-08,West,433840,0,0,84.9,0.0,0.0
2022-10-08,Southwest,278928,0,0,74.7,0.0,0.0
2022-10-08,South,326296,0,0,73.7,0.0,0.0
2022-10-15,North,882237,0,0,>90,0.0,0.0
2022-10-15,West,434504,0,0,85.0,0.0,0.0
2022-10-15,Southwest,279283,0,0,74.8,0.0,0.0
2022-10-15,South,326730,0,0,73.8,0.0,0.0
2022-10-22,North,883827,0,0,>90,0.0,0.0
2022-10-22,West,435212,0,0,85.2,0.0,0.0
2022-10-22,Southwest,279627,0,0,74.9,0.0,0.0
2022-10-22,South,327171,0,0,73.9,0.0,0.0
2022-10-29,North,885370,0,0,>90,0.0,0.0
2022-10-29,West,435940,0,0,85.3,0.0,0.0
2022-10-29,Southwest,279944,0,0,74.9,0.0,0.0
2022-10-29,South,327631,0,0,74.0,0.0,0.0
2022-11-05,North,886681,0,0,>90,0.0,0.0
2022-11-05,West,436565,0,0,85.4,0.0,0.0
2022-11-05,Southwest,280276,0,0,75.0,0.0,0.0
2022-11-05,South,328059,0,0,74.1,0.0,0.0
2022-11-12,North,887984,0,0,>90,0.0,0.0
2022-11-12,West,437164,0,0,85.5,0.0,0.0
2022-11-12,Southwest,280559,0,0,75.1,0.0,0.0
2022-11-12,South,328461,0,0,74.2,0.0,0.0
2022-11-19,North,889122,0,0,>90,0.0,0.0
2022-11-19,West,437745,0,0,85.7,0.0,0.0
2022-11-19,Southwest,280848,0,0,75.2,0.0,0.0
2022-11-19,South,328810,0,0,74.2,0.0,0.0
2022-11-26,North,889600,0,0,>90,0.0,0.0
2022-11-26,West,437943,0,0,85.7,0.0,0.0
2022-11-26,Southwest,280967,0,0,75.2,0.0,0.0
2022-11-26,South,328939,0,0,74.3,0.0,0.0
2022-12-03,North,890466,0,0,>90,0.0,0.0
2022-12-03,West,438373,0,0,85.8,0.0,0.0
2022-12-03,Southwest,281177,0,0,75.3,0.0,0.0
2022-12-03,South,329211,0,0,74.3,0.0,0.0
2022-12-10,North,891278,0,0,>90,0.0,0.0
2022-12-10,West,438816,0,0,85.9,0.0,0.0
2022-12-10,Southwest,281379,0,0,75.3,0.0,0.0
2022-12-10,South,329522,0,0,74.4,0.0,0.0
2022-12-17,North,892118,0,0,>90,0.0,0.0
2022-12-17,West,439241,0,0,85.9,0.0,0.0
2022-12-17,Southwest,281558,0,0,75.4,0.0,0.0
2022-12-17,South,329835,0,0,74.5,0.0,0.0
2022-12-24,North,892815,0,0,>90,0.0,0.0
2022-12-24,West,439544,0,0,86.0,0.0,0.0
2022-12-24,Southwest,281716,0,0,75.4,0.0,0.0
2022-12-24,South,329998,0,0,74.5,0.0,0.0
2022-12-31,North,893477,0,0,>90,0.0,0.0
2022-12-31,West,439830,0,0,86.1,0.0,0.0
2022-12-31,Southwest,281877,0,0,75.5,0.0,0.0
2022-12-31,South,330165,0,0,74.5,0.0,0.0
2023-01-07,North,894100,0,0,>90,0.0,0.0
2023-01-07,West,440157,0,0,86.1,0.0,0.0
2023-01-07,Southwest,281996,0,0,75.5,0.0,0.0
2023-01-07,South,330327,0,0,74.6,0.0,0.0
2023-01-14,North,894627,0,0,>90,0.0,0.0
2023-01-14,West,440476,0,0,86.2,0.0,0.0
2023-01-14,Southwest,282127,0,0,75.5,0.0,0.0
2023-01-14,South,330511,0,0,74.6,0.0,0.0
2023-01-21,North,894997,0,0,>90,0.0,0.0
2023-01-21,West,440690,0,0,86.2,0.0,0.0
2023-01-21,Southwest,282223,0,0,75.6,0.0,0.0
2023-01-21,South,330665,0,0,74.6,0.0,0.0
2023-01-28,North,895321,0,0,>90,0.0,0.0
2023-01-28,West,440905,0,0,86.3,0.0,0.0
2023-01-28,Southwest,282300,0,0,75.6,0.0,0.0
2023-01-28,South,330802,0,0,74.7,0.0,0.0
2023-02-04,North,895630,0,0,>90,0.0,0.0
2023-02-04,West,441126,0,0,86.3,0.0,0.0
2023-02-04,Southwest,282386,0,0,75.6,0.0,0.0
2023-02-04,South,330920,0,0,74.7,0.0,0.0
2023-02-11,North,895916,0,0,>90,0.0,0.0
2023-02-11,West,441345,0,0,86.4,0.0,0.0
2023-02-11,Southwest,282475,0,0,75.6,0.0,0.0
2023-02-11,South,331044,0,0,74.7,0.0,0.0
2023-02-18,North,896103,0,0,>90,0.0,0.0
2023-02-18,West,441473,0,0,86.4,0.0,0.0
2023-02-18,Southwest,282539,0,0,75.6,0.0,0.0
2023-02-18,South,331156,0,0,74.8,0.0,0.0
2023-02-25,North,896285,0,0,>90,0.0,0.0
2023-02-25,West,441631,0,0,86.4,0.0,0.0
2023-02-25,Southwest,282598,0,0,75.7,0.0,0.0
2023-02-25,South,331248,0,0,74.8,0.0,0.0
2023-03-04,North,896486,0,0,>90,0.0,0.0
2023-03-04,West,441762,0,0,86.4,0.0,0.0
2023-03-04,Southwest,282645,0,0,75.7,0.0,0.0
2023-03-04,South,331329,0,0,74.8,0.0,0.0
2023-03-11,North,896721,0,0,>90,0.0,0.0
2023-03-11,West,441929,0,0,86.5,0.0,0.0
2023-03-11,Southwest,282708,0,0,75.7,0.0,0.0
2023-03-11,South,331443,0,0,74.8,0.0,0.0
2023-03-18,North,896926,0,0,>90,0.0,0.0
2023-03-18,West,442067,0,0,86.5,0.0,0.0
2023-03-18,Southwest,282758,0,0,75.7,0.0,0.0
2023-03-18,South,331551,0,0,74.8,0.0,0.0
2023-03-25,North,897100,0,0,>90,0.0,0.0
2023-03-25,West,442196,0,0,86.5,0.0,0.0
2023-03-25,Southwest,282816,0,0,75.7,0.0,0.0
2023-03-25,South,331639,0,0,74.9,0.0,0.0
2023-04-01,North,897265,0,0,>90,0.0,0.0
2023-04-01,West,442305,0,0,86.5,0.0,0.0
2023-04-01,Southwest,282858,0,0,75.7,0.0,0.0
2023-04-01,South,331733,0,0,74.9,0.0,0.0
2023-04-08,North,897407,0,0,>90,0.0,0.0
2023-04-08,West,442430,0,0,86.6,0.0,0.0
2023-04-08,Southwest,282909,0,0,75.7,0.0,0.0
2023-04-08,South,331802,0,0,74.9,0.0,0.0
2023-04-15,North,897561,0,0,>90,0.0,0.0
2023-04-15,West,442549,0,0,86.6,0.0,0.0
2023-04-15,Southwest,282959,0,0,75.8,0.0,0.0
2023-04-15,South,331866,0,0,74.9,0.0,0.0
2023-04-22,North,897713,0,0,>90,0.0,0.0
2023-04-22,West,442647,0,0,86.6,0.0,0.0
2023-04-22,Southwest,282998,0,0,75.8,0.0,0.0
2023-04-22,South,331961,0,0,74.9,0.0,0.0
2023-04-29,North,897830,0,0,>90,0.0,0.0
2023-04-29,West,442776,0,0,86.6,0.0,0.0
2023-04-29,Southwest,283041,0,0,75.8,0.0,0.0
2023-04-29,South,332033,0,0,75.0,0.0,0.0
2023-05-06,North,897978,0,0,>90,0.0,0.0
2023-05-06,West,442877,0,0,86.7,0.0,0.0
2023-05-06,Southwest,283078,0,0,75.8,0.0,0.0
2023-05-06,South,332114,0,0,75.0,0.0,0.0
2023-05-13,North,898098,0,0,>90,0.0,0.0
2023-05-13,West,442980,0,0,86.7,0.0,0.0
2023-05-13,Southwest,283116,0,0,75.8,0.0,0.0
2023-05-13,South,332184,0,0,75.0,0.0,0.0
2023-05-20,North,898249,0,0,>90,0.0,0.0
2023-05-20,West,443071,0,0,86.7,0.0,0.0
2023-05-20,Southwest,283166,0,0,75.8,0.0,0.0
2023-05-20,South,332260,0,0,75.0,0.0,0.0
2023-05-27,North,898375,0,0,>90,0.0,0.0
2023-05-27,West,443135,0,0,86.7,0.0,0.0
2023-05-27,Southwest,283210,0,0,75.8,0.0,0.0
2023-05-27,South,332347,0,0,75.0,0.0,0.0
2023-06-03,North,898490,0,0,>90,0.0,0.0
2023-06-03,West,443183,0,0,86.7,0.0,0.0
2023-06-03,Southwest,283230,0,0,75.8,0.0,0.0
2023-06-03,South,332404,0,0,75.0,0.0,0.0
2023-06-10,North,898584,0,0,>90,0.0,0.0
2023-06-10,West,443277,0,0,86.7,0.0,0.0
2023-06-10,Southwest,283260,0,0,75.8,0.0,0.0
2023-06-10,South,332463,0,0,75.1,0.0,0.0
2023-06-17,North,898677,0,0,>90,0.0,0.0
2023-06-17,West,443358,0,0,86.7,0.0,0.0
2023-06-17,Southwest,283296,0,0,75.8,0.0,0.0
2023-06-17,South,332527,0,0,75.1,0.0,0.0
2023-06-24,North,898785,0,0,>90,0.0,0.0
2023-06-24,West,443433,0,0,86.8,0.0,0.0
2023-06-24,Southwest,283334,0,0,75.9,0.0,0.0
2023-06-24,South,332595,0,0,75.1,0.0,0.0
2023-07-01,North,898870,0,0,>90,0.0,0.0
2023-07-01,West,443510,0,0,86.8,0.0,0.0
2023-07-01,Southwest,283368,0,0,75.9,0.0,0.0
2023-07-01,South,332665,0,0,75.1,0.0,0.0
2023-07-08,North,898960,0,0,>90,0.0,0.0
2023-07-08,West,443569,0,0,86.8,0.0,0.0
2023-07-08,Southwest,283391,0,0,75.9,0.0,0.0
2023-07-08,South,332715,0,0,75.1,0.0,0.0
2023-07-15,North,899045,0,0,>90,0.0,0.0
2023-07-15,West,443618,0,0,86.8,0.0,0.0
2023-07-15,Southwest,283418,0,0,75.9,0.0,0.0
2023-07-15,South,332776,0,0,75.1,0.0,0.0
2023-07-22,North,899135,0,0,>90,0.0,0.0
2023-07-22,West,443666,0,0,86.8,0.0,0.0
2023-07-22,Southwest,283443,0,0,75.9,0.0,0.0
2023-07-22,South,332854,0,0,75.1,0.0,0.0
2023-07-29,North,899232,0,0,>90,0.0,0.0
2023-07-29,West,443738,0,0,86.8,0.0,0.0
2023-07-29,Southwest,283468,0,0,75.9,0.0,0.0
2023-07-29,South,332906,0,0,75.2,0.0,0.0
2023-08-05,North,899318,0,0,>90,0.0,0.0
2023-08-05,West,443809,0,0,86.8,0.0,0.0
2023-08-05,Southwest,283497,0,0,75.9,0.0,0.0
2023-08-05,South,332989,0,0,75.2,0.0,0.0
2023-08-12,North,899413,0,0,>90,0.0,0.0
2023-08-12,West,443883,0,0,86.9,0.0,0.0
2023-08-12,Southwest,283526,0,0,75.9,0.0,0.0
2023-08-12,South,333044,0,0,75.2,0.0,0.0
2023-08-19,North,899523,0,0,>90,0.0,0.0
2023-08-19,West,443957,0,0,86.9,0.0,0.0
2023-08-19,Southwest,283555,0,0,75.9,0.0,0.0
2023-08-19,South,333099,0,0,75.2,0.0,0.0
2023-08-26,North,899621,0,0,>90,0.0,0.0
2023-08-26,West,444038,0,0,86.9,0.0,0.0
2023-08-26,Southwest,283586,0,0,75.9,0.0,0.0
2023-08-26,South,333146,0,0,75.2,0.0,0.0
2023-09-02,North,899728,0,0,>90,0.0,0.0
2023-09-02,West,444096,0,0,86.9,0.0,0.0
2023-09-02,Southwest,283615,0,0,75.9,0.0,0.0
2023-09-02,South,333189,0,0,75.2,0.0,0.0
2023-09-09,North,899806,0,0,>90,0.0,0.0
2023-09-09,West,444167,0,0,86.9,0.0,0.0
2023-09-09,Southwest,283647,0,0,75.9,0.0,0.0
2023-09-09,South,333241,0,0,75.2,0.0,0.0
2023-09-16,North,899871,0,0,>90,0.0,0.0
2023-09-16,West,444196,0,0,86.9,0.0,0.0
2023-09-16,Southwest,283671,0,0,75.9,0.0,0.0
2023-09-16,South,333267,0,0,75.2,0.0,0.0
2023-09-23,North,900451,0,0,>90,0.0,0.0
2023-09-23,West,444436,0,0,87.0,0.0,0.0
2023-09-23,Southwest,283801,0,0,76.0,0.0,0.0
2023-09-23,South,333396,0,0,75.3,0.0,0.0
2023-09-30,North,901309,0,0,>90,0.0,0.0
2023-09-30,West,444742,0,0,87.0,0.0,0.0
2023-09-30,Southwest,283924,0,0,76.0,0.0,0.0
2023-09-30,South,333556,0,0,75.3,0.0,0.0
2023-10-07,North,902366,0,0,>90,0.0,0.0
2023-10-07,West,445119,0,0,87.1,0.0,0.0
2023-10-07,Southwest,284109,0,0,76.1,0.0,0.0
2023-10-07,South,333765,0,0,75.3,0.0,0.0
2023-10-14,North,903356,0,0,>90,0.0,0.0
2023-10-14,West,445534,0,0,87.2,0.0,0.0
2023-10-14,Southwest,284313,0,0,76.1,0.0,0.0
2023-10-14,South,333994,0,0,75.4,0.0,0.0
2023-10-21,North,904336,0,0,>90,0.0,0.0
2023-10-21,West,445947,0,0,87.3,0.0,0.0
2023-10-21,Southwest,284479,0,0,76.2,0.0,0.0
2023-10-21,South,334258,0,0,75.5,0.0,0.0
2023-10-28,North,905141,0,0,>90,0.0,0.0
2023-10-28,West,446381,0,0,87.3,0.0,0.0
2023-10-28,Southwest,284631,0,0,76.2,0.0,0.0
2023-10-28,South,334456,0,0,75.5,0.0,0.0
2023-11-04,North,905910,0,0,>90,0.0,0.0
2023-11-04,West,446742,0,0,87.4,0.0,0.0
2023-11-04,Southwest,284817,0,0,76.3,0.0,0.0
2023-11-04,South,334636,0,0,75.5,0.0,0.0
2023-11-11,North,906650,0,0,>90,0.0,0.0
2023-11-11,West,447090,0,0,87.5,0.0,0.0
2023-11-11,Southwest,284960,0,0,76.3,0.0,0.0
2023-11-11,South,334854,0,0,75.6,0.0,0.0
2023-11-18,North,907368,0,0,>90,0.0,0.0
2023-11-18,West,447419,0,0,87.5,0.0,0.0
2023-11-18,Southwest,285126,0,0,76.3,0.0,0.0
2023-11-18,South,335051,0,0,75.6,0.0,0.0
2023-11-25,North,907831,0,0,>90,0.0,0.0
2023-11-25,West,447623,0,0,87.6,0.0,0.0
2023-11-25,Southwest,285209,0,0,76.4,0.0,0.0
2023-11-25,South,335161,0,0,75.7,0.0,0.0
2023-12-02,North,908338,0,0,>90,0.0,0.0
2023-12-02,West,447916,0,0,87.6,0.0,0.0
2023-12-02,Southwest,285360,0,0,76.4,0.0,0.0
2023-12-02,South,335313,0,0,75.7,0.0,0.0
2023-12-09,North,908860,0,0,>90,0.0,0.0
2023-12-09,West,448168,0,0,87.7,0.0,0.0
2023-12-09,Southwest,285519,0,0,76.4,0.0,0.0
2023-12-09,South,335476,0,0,75.7,0.0,0.0
2023-12-16,North,909320,0,0,>90,0.0,0.0
2023-12-16,West,448431,0,0,87.7,0.0,0.0
2023-12-16,Southwest,285643,0,0,76.5,0.0,0.0
2023-12-16,South,335623,0,0,75.8,0.0,0.0
2023-12-23,North,909859,0,0,>90,0.0,0.0
2023-12-23,West,448655,0,0,87.8,0.0,0.0
2023-12-23,Southwest,285759,0,0,76.5,0.0,0.0
2023-12-23,South,335766,0,0,75.8,0.0,0.0
2023-12-30,North,910162,0,0,>90,0.0,0.0
2023-12-30,West,448817,0,0,87.8,0.0,0.0
2023-12-30,Southwest,285848,0,0,76.5,0.0,0.0
2023-12-30,South,335887,0,0,75.8,0.0,0.0
2024-01-06,North,910487,0,0,>90,0.0,0.0
2024-01-06,West,448978,0,0,87.8,0.0,0.0
2024-01-06,Southwest,285919,0,0,76.5,0.0,0.0
2024-01-06,South,336007,0,0,75.9,0.0,0.0
2024-01-13,North,910772,0,0,>90,0.0,0.0
2024-01-13,West,449132,0,0,87.9,0.0,0.0
2024-01-13,Southwest,285995,0,0,76.6,0.0,0.0
2024-01-13,South,336123,0,0,75.9,0.0,0.0
2024-01-20,North,911022,0,0,>90,0.0,0.0
2024-01-20,West,449285,0,0,87.9,0.0,0.0
2024-01-20,Southwest,286074,0,0,76.6,0.0,0.0
2024-01-20,South,336227,0,0,75.9,0.0,0.0
2024-01-27,North,911255,0,0,>90,0.0,0.0
2024-01-27,West,449433,0,0,87.9,0.0,0.0
2024-01-27,Southwest,286135,0,0,76.6,0.0,0.0
2024-01-27,South,336331,0,0,75.9,0.0,0.0
2024-02-03,North,911457,0,0,>90,0.0,0.0
2024-02-03,West,449603,0,0,88.0,0.0,0.0
2024-02-03,Southwest,286212,0,0,76.6,0.0,0.0
2024-02-03,South,336434,0,0,76.0,0.0,0.0
2024-02-10,North,911608,0,0,>90,0.0,0.0
2024-02-10,West,449711,0,0,88.0,0.0,0.0
2024-02-10,Southwest,286265,0,0,76.6,0.0,0.0
2024-02-10,South,336525,0,0,76.0,0.0,0.0
2024-02-17,North,911753,0,0,>90,0.0,0.0
2024-02-17,West,449823,0,0,88.0,0.0,0.0
2024-02-17,Southwest,286306,0,0,76.6,0.0,0.0
2024-02-17,South,336590,0,0,76.0,0.0,0.0
2024-02-24,North,911877,0,0,>90,0.0,0.0
2024-02-24,West,449931,0,0,88.0,0.0,0.0
2024-02-24,Southwest,286357,0,0,76.7,0.0,0.0
2024-02-24,South,336648,0,0,76.0,0.0,0.0
2024-03-02,North,912020,0,0,>90,0.0,0.0
2024-03-02,West,450013,0,0,88.1,0.0,0.0
2024-03-02,Southwest,286413,0,0,76.7,0.0,0.0
2024-03-02,South,336698,0,0,76.0,0.0,0.0
2024-03-09,North,912158,0,0,>90,0.0,0.0
2024-03-09,West,450109,0,0,88.1,0.0,0.0
2024-03-09,Southwest,286454,0,0,76.7,0.0,0.0
2024-03-09,South,336768,0,0,76.0,0.0,0.0
2024-03-16,North,912279,0,0,>90,0.0,0.0
2024-03-16,West,450184,0,0,88.1,0.0,0.0
2024-03-16,Southwest,286491,0,0,76.7,0.0,0.0
2024-03-16,South,336824,0,0,76.0,0.0,0.0
2024-03-23,North,912393,0,0,>90,0.0,0.0
2024-03-23,West,450280,0,0,88.1,0.0,0.0
2024-03-23,Southwest,286525,0,0,76.7,0.0,0.0
2024-03-23,South,336885,0,0,76.1,0.0,0.0
2024-03-30,North,912501,0,0,>90,0.0,0.0
2024-03-30,West,450357,0,0,88.1,0.0,0.0
2024-03-30,Southwest,286556,0,0,76.7,0.0,0.0
2024-03-30,South,336941,0,0,76.1,0.0,0.0
2024-04-06,North,912609,0,0,>90,0.0,0.0
2024-04-06,West,450434,0,0,88.1,0.0,0.0
2024-04-06,Southwest,286599,0,0,76.7,0.0,0.0
2024-04-06,South,336994,0,0,76.1,0.0,0.0
2024-04-13,North,912715,0,0,>90,0.0,0.0
2024-04-13,West,450503,0,0,88.1,0.0,0.0
2024-04-13,Southwest,286626,0,0,76.7,0.0,0.0
2024-04-13,South,337032,0,0,76.1,0.0,0.0
2024-04-20,North,912844,0,0,>90,0.0,0.0
2024-04-20,West,450579,0,0,88.2,0.0,0.0
2024-04-20,Southwest,286657,0,0,76.7,0.0,0.0
2024-04-20,South,337076,0,0,76.1,0.0,0.0
2024-04-27,North,912949,0,0,>90,0.0,0.0
2024-04-27,West,450659,0,0,88.2,0.0,0.0
2024-04-27,Southwest,286689,0,0,76.8,0.0,0.0
2024-04-27,South,337117,0,0,76.1,0.0,0.0
2024-05-04,North,913055,0,0,>90,0.0,0.0
2024-05-04,West,450724,0,0,88.2,0.0,0.0
2024-05-04,Southwest,286715,0,0,76.8,0.0,0.0
2024-05-04,South,337151,0,0,76.1,0.0,0.0
2024-05-11,North,913141,0,0,>90,0.0,0.0
2024-05-11,West,450778,0,0,88.2,0.0,0.0
2024-05-11,Southwest,286742,0,0,76.8,0.0,0.0
2024-05-11,South,337186,0,0,76.1,0.0,0.0
2024-05-18,North,913233,0,0,>90,0.0,0.0
2024-05-18,West,450820,0,0,88.2,0.0,0.0
2024-05-18,Southwest,286774,0,0,76.8,0.0,0.0
2024-05-18,South,337212,0,0,76.1,0.0,0.0
2024-05-25,North,913301,0,0,>90,0.0,0.0
2024-05-25,West,450893,0,0,88.2,0.0,0.0
2024-05-25,Southwest,286789,0,0,76.8,0.0,0.0
2024-05-25,South,337249,0,0,76.1,0.0,0.0
2024-06-01,North,913369,0,0,>90,0.0,0.0
2024-06-01,West,450918,0,0,88.2,0.0,0.0
2024-06-01,Southwest,286818,0,0,76.8,0.0,0.0
2024-06-01,South,337271,0,0,76.1,0.0,0.0
2024-06-08,North,913419,0,0,>90,0.0,0.0
2024-06-08,West,450963,0,0,88.2,0.0,0.0
2024-06-08,Southwest,286848,0,0,76.8,0.0,0.0
2024-06-08,South,337317,0,0,76.2,0.0,0.0
2024-06-15,North,913504,0,0,>90,0.0,0.0
2024-06-15,West,451011,0,0,88.2,0.0,0.0
2024-06-15,Southwest,286867,0,0,76.8,0.0,0.0
2024-06-15,South,337370,0,0,76.2,0.0,0.0
2024-06-22,North,913558,0,0,>90,0.0,0.0
2024-06-22,West,451047,0,0,88.3,0.0,0.0
2024-06-22,Southwest,286898,0,0,76.8,0.0,0.0
2024-06-22,South,337391,0,0,76.2,0.0,0.0
2024-06-29,North,913623,0,0,>90,0.0,0.0
2024-06-29,West,451081,0,0,88.3,0.0,0.0
2024-06-29,Southwest,286918,0,0,76.8,0.0,0.0
2024-06-29,South,337414,0,0,76.2,0.0,0.0
2024-07-06,North,913669,0,0,>90,0.0,0.0
2024-07-06,West,451119,0,0,88.3,0.0,0.0
2024-07-06,Southwest,286932,0,0,76.8,0.0,0.0
2024-07-06,South,337445,0,0,76.2,0.0,0.0
2024-07-13,North,913726,0,0,>90,0.0,0.0
2024-07-13,West,451143,0,0,88.3,0.0,0.0
2024-07-13,Southwest,286949,0,0,76.8,0.0,0.0
2024-07-13,South,337476,0,0,76.2,0.0,0.0
2024-07-20,North,913773,0,0,>90,0.0,0.0
2024-07-20,West,451163,0,0,88.3,0.0,0.0
2024-07-20,Southwest,286957,0,0,76.8,0.0,0.0
2024-07-20,South,337496,0,0,76.2,0.0,0.0
2024-07-27,North,913820,0,0,>90,0.0,0.0
2024-07-27,West,451189,0,0,88.3,0.0,0.0
2024-07-27,Southwest,286963,0,0,76.8,0.0,0.0
2024-07-27,South,337511,0,0,76.2,0.0,0.0
2024-08-03,North,913849,0,0,>90,0.0,0.0
2024-08-03,West,451206,0,0,88.3,0.0,0.0
2024-08-03,Southwest,286975,0,0,76.8,0.0,0.0
2024-08-03,South,337522,0,0,76.2,0.0,0.0
2024-08-10,North,913888,0,0,>90,0.0,0.0
2024-08-10,West,451228,0,0,88.3,0.0,0.0
2024-08-10,Southwest,286984,0,0,76.8,0.0,0.0
2024-08-10,South,337545,0,0,76.2,0.0,0.0
2024-08-17,North,913919,0,0,>90,0.0,0.0
2024-08-17,West,451248,0,0,88.3,0.0,0.0
2024-08-17,Southwest,286996,0,0,76.8,0.0,0.0
2024-08-17,South,337570,0,0,76.2,0.0,0.0
2024-08-24,North,913977,11,0,>90,0.0,0.0
2024-08-24,West,451260,3,0,88.3,0.0,0.0
2024-08-24,Southwest,287009,0,0,76.8,0.0,0.0
2024-08-24,South,337581,1,0,76.2,0.0,0.0
2024-08-31,North,914122,3139,0,>90,0.3,0.0
2024-08-31,West,451336,999,0,88.3,0.2,0.0
2024-08-31,Southwest,287049,766,0,76.8,0.2,0.0
2024-08-31,South,337631,870,0,76.2,0.2,0.0
2024-09-07,North,914484,11195,0,>90,1.2,0.0
2024-09-07,West,451490,3537,0,88.3,0.7,0.0
2024-09-07,Southwest,287134,2451,0,76.9,0.7,0.0
2024-09-07,South,337718,2742,0,76.2,0.6,0.0
2024-09-14,North,914962,21168,0,>90,2.2,0.0
2024-09-14,West,451685,6821,0,88.4,1.3,0.0
2024-09-14,Southwest,287238,4663,0,76.9,1.2,0.0
2024-09-14,South,337818,5485,0,76.3,1.2,0.0
2024-09-21,North,915536,32642,0,>90,3.4,0.0
2024-09-21,West,451919,10619,0,88.4,2.1,0.0
2024-09-21,Southwest,287385,7288,0,76.9,2.0,0.0
2024-09-21,South,337940,8611,0,76.3,1.9,0.0
2024-09-28,North,916231,46616,0,>90,4.9,0.0
2024-09-28,West,452229,15503,0,88.5,3.0,0.0
2024-09-28,Southwest,287536,10313,0,77.0,2.8,0.0
2024-09-28,South,338141,12537,0,76.3,2.8,0.0
2024-10-05,North,917108,61829,0,>90,6.4,0.0
2024-10-05,West,452620,20839,0,88.6,4.1,0.0
2024-10-05,Southwest,287716,13686,0,77.0,3.7,0.0
2024-10-05,South,338360,16432,0,76.4,3.7,0.0
2024-10-12,North,917965,76244,0,>90,7.9,0.0
2024-10-12,West,453033,26429,0,88.6,5.2,0.0
2024-10-12,Southwest,287886,16708,0,77.1,4.5,0.0
2024-10-12,South,338603,20212,0,76.4,4.6,0.0
2024-10-19,North,918788,89444,0,>90,9.3,0.0
2024-10-19,West,453457,31677,0,88.7,6.2,0.0
2024-10-19,Southwest,288074,19714,0,77.1,5.3,0.0
2024-10-19,South,338836,23425,0,76.5,5.3,0.0
2024-10-26,North,919564,99961,0,>90,10.4,0.0
2024-10-26,West,453813,35881,0,88.8,7.0,0.0
2024-10-26,Southwest,288272,22338,0,77.2,6.0,0.0
2024-10-26,South,339009,26243,0,76.5,5.9,0.0
2024-11-02,North,920244,109015,0,>90,11.3,0.0
2024-11-02,West,454196,39717,0,88.9,7.8,0.0
2024-11-02,Southwest,288419,24545,0,77.2,6.6,0.0
2024-11-02,South,339169,28637,0,76.6,6.5,0.0
2024-11-09,North,920964,117538,0,>90,12.2,0.0
2024-11-09,West,454546,43222,0,88.9,8.5,0.0
2024-11-09,Southwest,288563,26563,0,77.3,7.1,0.0
2024-11-09,South,339366,30907,0,76.6,7.0,0.0
2024-11-16,North,921538,124589,0,>90,13.0,0.0
2024-11-16,West,454876,46194,0,89.0,9.0,0.0
2024-11-16,Southwest,288731,28371,0,77.3,7.6,0.0
2024-11-16,South,339539,33019,0,76.7,7.5,0.0
2024-11-23,North,922038,130096,0,>90,13.5,0.0
2024-11-23,West,455178,48753,0,89.1,9.5,0.0
2024-11-23,Southwest,288861,29783,0,77.3,8.0,0.0
2024-11-23,South,339688,34931,0,76.7,7.9,0.0
2024-11-30,North,922375,133899,0,>90,13.9,0.0
2024-11-30,West,455375,50253,0,89.1,9.8,0.0
2024-11-30,Southwest,288938,30578,0,77.4,8.2,0.0
2024-11-30,South,339799,36051,0,76.7,8.1,0.0
2024-12-07,North,922671,137393,0,>90,14.3,0.0
2024-12-07,West,455634,51866,0,89.2,10.1,0.0
2024-12-07,Southwest,289036,31461,0,77.4,8.4,0.0
2024-12-07,South,339911,37151,0,76.7,8.4,0.0
2024-12-14,North,923010,140388,0,>90,14.6,0.0
2024-12-14,West,455817,53248,0,89.2,10.4,0.0
2024-12-14,Southwest,289131,32267,0,77.4,8.6,0.0
2024-12-14,South,340030,38150,0,76.8,8.6,0.0
2024-12-21,North,923301,143010,0,>90,14.9,0.0
2024-12-21,West,456036,54554,0,89.2,10.7,0.0
2024-12-21,Southwest,289226,32989,0,77.4,8.8,0.0
2024-12-21,South,340152,39086,0,76.8,8.8,0.0
2024-12-28,North,923502,144479,0,>90,15.0,0.0
2024-12-28,West,456119,55155,0,89.2,10.8,0.0
2024-12-28,Southwest,289281,33337,0,77.4,8.9,0.0
2024-12-28,South,340199,39478,0,76.8,8.9,0.0
2025-01-04,North,923678,146175,0,>90,15.2,0.0
2025-01-04,West,456218,55911,0,89.3,10.9,0.0
2025-01-04,Southwest,289335,33809,0,77.5,9.1,0.0
2025-01-04,South,340263,40082,0,76.8,9.0,0.0
2025-01-11,North,923922,148157,0,>90,15.4,0.0
2025-01-11,West,456400,56850,0,89.3,11.1,0.0
2025-01-11,Southwest,289412,34317,0,77.5,9.2,0.0
2025-01-11,South,340355,40784,0,76.8,9.2,0.0
2025-01-18,North,924144,149661,0,>90,15.6,0.0
2025-01-18,West,456568,57722,0,89.3,11.3,0.0
2025-01-18,Southwest,289483,34740,0,77.5,9.3,0.0
2025-01-18,South,340455,41431,0,76.9,9.4,0.0
2025-01-25,North,924314,150659,0,>90,15.7,0.0
2025-01-25,West,456660,58295,0,89.4,11.4,0.0
2025-01-25,Southwest,289540,35030,0,77.5,9.4,0.0
2025-01-25,South,340530,41864,0,76.9,9.5,0.0
2025-02-01,North,924453,151551,0,>90,15.8,0.0
2025-02-01,West,456778,58864,0,89.4,11.5,0.0
2025-02-01,Southwest,289614,35382,0,77.5,9.5,0.0
2025-02-01,South,340586,42301,0,76.9,9.5,0.0
2025-02-08,North,924576,152338,0,>90,15.9,0.0
2025-02-08,West,456856,59306,0,89.4,11.6,0.0
2025-02-08,Southwest,289664,35612,0,77.5,9.5,0.0
2025-02-08,South,340661,42684,0,76.9,9.6,0.0
2025-02-15,North,924692,153023,0,>90,15.9,0.0
2025-02-15,West,456925,59673,0,89.4,11.7,0.0
2025-02-15,Southwest,289702,35808,0,77.6,9.6,0.0
2025-02-15,South,340713,42978,0,76.9,9.7,0.0
2025-02-22,North,924787,153599,0,>90,16.0,0.0
2025-02-22,West,456989,60028,0,89.4,11.7,0.0
2025-02-22,Southwest,289738,35996,0,77.6,9.6,0.0
2025-02-22,South,340758,43255,0,76.9,9.8,0.0
2025-03-01,North,924864,154051,0,>90,16.0,0.0
2025-03-01,West,457061,60401,0,89.4,11.8,0.0
2025-03-01,Southwest,289770,36177,0,77.6,9.7,0.0
2025-03-01,South,340799,43508,0,76.9,9.8,0.0
2025-03-08,North,924949,154513,0,>90,16.1,0.0
2025-03-08,West,457143,60708,0,89.4,11.9,0.0
2025-03-08,Southwest,289792,36328,0,77.6,9.7,0.0
2025-03-08,South,340839,43741,0,76.9,9.9,0.0
2025-03-15,North,925022,154966,0,>90,16.1,0.0
2025-03-15,West,457195,60961,0,89.5,11.9,0.0
2025-03-15,Southwest,289818,36489,0,77.6,9.8,0.0
2025-03-15,South,340878,43985,0,77.0,9.9,0.0
2025-03-22,North,925090,155359,0,>90,16.2,0.0
2025-03-22,West,457272,61229,0,89.5,12.0,0.0
2025-03-22,Southwest,289843,36586,0,77.6,9.8,0.0
2025-03-22,South,340907,44170,0,77.0,10.0,0.0
2025-03-29,North,925174,155759,0,>90,16.2,0.0
2025-03-29,West,457323,61460,0,89.5,12.0,0.0
2025-03-29,Southwest,289880,36716,0,77.6,9.8,0.0
2025-03-29,South,340934,44356,0,77.0,10.0,0.0
2025-04-05,North,925228,156067,0,>90,16.2,0.0
2025-04-05,West,457383,61704,0,89.5,12.1,0.0
2025-04-05,Southwest,289905,36817,0,77.6,9.9,0.0
2025-04-05,South,340960,44495,0,77.0,10.0,0.0
2025-04-12,North,925289,156401,0,>90,16.3,0.0
2025-04-12,West,457418,61908,0,89.5,12.1,0.0
2025-04-12,Southwest,289926,36925,0,77.6,9.9,0.0
2025-04-12,South,340989,44674,0,77.0,10.1,0.0
2025-04-19,North,925347,156688,0,>90,16.3,0.0
2025-04-19,West,457456,62077,0,89.5,12.1,0.0
2025-04-19,Southwest,289942,37006,0,77.6,9.9,0.0
2025-04-19,South,341014,44807,0,77.0,10.1,0.0
2025-04-26,North,925407,156994,0,>90,16.3,0.0
2025-04-26,West,457488,62224,0,89.5,12.2,0.0
2025-04-26,Southwest,289974,37117,0,77.6,9.9,0.0
2025-04-26,South,341041,44967,0,77.0,10.2,0.0
2025-05-03,North,925472,157312,0,>90,16.4,0.0
2025-05-03,West,457533,62357,0,89.5,12.2,0.0
2025-05-03,Southwest,289991,37199,0,77.6,10.0,0.0
2025-05-03,South,341058,45087,0,77.0,10.2,0.0
2025-05-10,North,925526,157517,0,>90,16.4,0.0
2025-05-10,West,457554,62465,0,89.5,12.2,0.0
2025-05-10,Southwest,290004,37276,0,77.6,10.0,0.0
2025-05-10,South,341078,45196,0,77.0,10.2,0.0
2025-05-17,North,925558,157693,0,>90,16.4,0.0
2025-05-17,West,457574,62563,0,89.5,12.2,0.0
2025-05-17,Southwest,290017,37336,0,77.6,10.0,0.0
2025-05-17,South,341094,45300,0,77.0,10.2,0.0
2025-05-24,North,925589,157906,0,>90,16.4,0.0
2025-05-24,West,457604,62746,0,89.5,12.3,0.0
2025-05-24,Southwest,290034,37407,0,77.6,10.0,0.0
2025-05-24,South,341111,45382,0,77.0,10.2,0.0
2025-05-31,North,925631,158108,0,>90,16.5,0.0
2025-05-31,West,457620,62812,0,89.5,12.3,0.0
2025-05-31,Southwest,290047,37453,0,77.7,10.0,0.0
2025-05-31,South,341127,45464,0,77.0,10.3,0.0
2025-06-07,North,925658,158321,0,>90,16.5,0.0
2025-06-07,West,457643,62904,0,89.5,12.3,0.0
2025-06-07,Southwest,290055,37502,0,77.7,10.0,0.0
2025-06-07,South,341145,45556,0,77.0,10.3,0.0
2025-06-14,North,925695,158525,0,>90,16.5,0.0
2025-06-14,West,457665,62990,0,89.5,12.3,0.0
2025-06-14,Southwest,290062,37542,0,77.7,10.1,0.0
2025-06-14,South,341158,45642,0,77.0,10.3,0.0
2025-06-21,North,925715,158662,0,>90,16.5,0.0
2025-06-21,West,457691,63071,0,89.6,12.3,0.0
2025-06-21,Southwest,290068,37587,0,77.7,10.1,0.0
2025-06-21,South,341178,45717,0,77.0,10.3,0.0
2025-06-28,North,925754,158821,0,>90,16.5,0.0
2025-06-28,West,457705,63137,0,89.6,12.4,0.0
2025-06-28,Southwest,290074,37630,0,77.7,10.1,0.0
2025-06-28,South,341194,45800,0,77.0,10.3,0.0
2025-07-05,North,925776,158932,0,>90,16.5,0.0
2025-07-05,West,457716,63191,0,89.6,12.4,0.0
2025-07-05,Southwest,290086,37673,0,77.7,10.1,0.0
2025-07-05,South,341203,45866,0,77.0,10.4,0.0
2025-07-12,North,925805,159055,0,>90,16.6,0.0
2025-07-12,West,457732,63262,0,89.6,12.4,0.0
2025-07-12,Southwest,290098,37705,0,77.7,10.1,0.0
2025-07-12,South,341223,45939,0,77.0,10.4,0.0
2025-07-19,North,925828,159150,0,>90,16.6,0.0
2025-07-19,West,457746,63338,0,89.6,12.4,0.0
2025-07-19,Southwest,290106,37731,0,77.7,10.1,0.0
2025-07-19,South,341238,46011,0,77.0,10.4,0.0
2025-07-26,North,925851,159254,0,>90,16.6,0.0
2025-07-26,West,457766,63393,0,89.6,12.4,0.0
2025-07-26,Southwest,290114,37757,0,77.7,10.1,0.0
2025-07-26,South,341267,46085,0,77.0,10.4,0.0
2025-08-02,North,925889,159394,0,>90,16.6,0.0
2025-08-02,West,457787,63449,0,89.6,12.4,0.0
2025-08-02,Southwest,290121,37785,0,77.7,10.1,0.0
2025-08-02,South,341297,46166,0,77.0,10.4,0.0
2025-08-09,North,925912,159515,0,>90,16.6,0.0
2025-08-09,West,457798,63501,0,89.6,12.4,0.0
2025-08-09,Southwest,290130,37822,0,77.7,10.1,0.0
2025-08-09,South,341316,46234,0,77.1,10.4,0.0
2025-08-16,North,925964,159724,0,>90,16.6,0.0
2025-08-16,West,457830,63580,0,89.6,12.4,0.0
2025-08-16,Southwest,290152,37875,0,77.7,10.1,0.0
2025-08-16,South,341332,46293,0,77.1,10.5,0.0
2025-08-23,North,925987,159834,0,>90,16.6,0.0
2025-08-23,West,457852,63632,0,89.6,12.5,0.0
2025-08-23,Southwest,290163,37911,0,77.7,10.1,0.0
2025-08-23,South,341347,46345,0,77.1,10.5,0.0
2025-08-30,North,926002,159859,21,>90,16.6,0.0
2025-08-30,West,457859,63655,11,89.6,12.5,0.0
2025-08-30,Southwest,290167,37926,7,77.7,10.2,0.0
2025-08-30,South,341357,46370,12,77.1,10.5,0.0
2025-09-06,North,926197,159862,4116,>90,16.6,0.4
2025-09-06,West,457934,63659,1309,89.6,12.5,0.3
2025-09-06,Southwest,290215,37926,883,77.7,10.2,0.2
2025-09-06,South,341417,46374,995,77.1,10.5,0.2
2025-09-13,North,926545,159864,12099,>90,16.6,1.3
2025-09-13,West,458073,63661,3865,89.6,12.5,0.8
2025-09-13,Southwest,290283,37927,2566,77.7,10.2,0.7
2025-09-13,South,341484,46374,2793,77.1,10.5,0.6
2025-09-20,North,926997,159865,20576,>90,16.6,2.1
2025-09-20,West,458230,63661,6536,89.7,12.5,1.3
2025-09-20,Southwest,290400,37927,4510,77.7,10.2,1.2
2025-09-20,South,341589,46376,4809,77.1,10.5,1.1
2025-09-27,North,927526,159867,30592,>90,16.6,3.2
2025-09-27,West,458447,63661,9729,89.7,12.5,1.9
2025-09-27,Southwest,290497,37927,6534,77.8,10.2,1.7
2025-09-27,South,341707,46376,7090,77.1,10.5,1.6
2025-10-04,North,928152,159869,41562,>90,16.6,4.3
2025-10-04,West,458690,63663,13191,89.7,12.5,2.6
2025-10-04,Southwest,290595,37927,8592,77.8,10.2,2.3
2025-10-04,South,341842,46377,9524,77.2,10.5,2.2
2025-10-11,North,928884,159871,52730,>90,16.6,5.5
2025-10-11,West,458994,63665,17184,89.8,12.5,3.4
2025-10-11,Southwest,290721,37927,10830,77.8,10.2,2.9
2025-10-11,South,342002,46378,12093,77.2,10.5,2.7
2025-10-18,North,929593,159881,64229,>90,16.6,6.7
2025-10-18,West,459300,63668,20998,89.9,12.5,4.1
2025-10-18,Southwest,290858,37928,13135,77.9,10.2,3.5
2025-10-18,South,342185,46379,14547,77.2,10.5,3.3
2025-10-25,North,930349,159887,74441,>90,16.6,7.7
2025-10-25,West,459600,63671,24562,89.9,12.5,4.8
2025-10-25,Southwest,291002,37928,15256,77.9,10.2,4.1
2025-10-25,South,342363,46382,17004,77.3,10.5,3.8
2025-11-01,North,933405,159889,82589,>90,16.6,8.6
2025-11-01,West,460904,63673,27917,>90,12.5,5.5
2025-11-01,Southwest,291659,37928,17027,78.1,10.2,4.6
2025-11-01,South,343095,46382,19124,77.5,10.5,4.3
2025-11-08,North,934993,159889,89736,>90,16.6,9.3
2025-11-08,West,461520,63677,30641,>90,12.5,6.0
2025-11-08,Southwest,291989,37928,18487,78.2,10.2,4.9
2025-11-08,South,343468,46385,20855,77.5,10.5,4.7
2025-11-15,North,935423,159890,95123,>90,16.6,9.9
2025-11-15,West,461732,63679,32870,>90,12.5,6.4
2025-11-15,Southwest,292121,37928,19839,78.2,10.2,5.3
2025-11-15,South,343595,46385,22359,77.6,10.5,5.0
2025-11-22,North,935832,159890,100005,>90,16.6,10.4
2025-11-22,West,461956,63681,34896,>90,12.5,6.8
2025-11-22,Southwest,292214,37928,20960,78.2,10.2,5.6
2025-11-22,South,343700,46385,23660,77.6,10.5,5.3
2025-11-29,North,936090,159890,103025,>90,16.6,10.7
2025-11-29,West,462110,63681,36167,>90,12.5,7.1
2025-11-29,Southwest,292269,37929,21567,78.2,10.2,5.8
2025-11-29,South,343767,46385,24434,77.6,10.5,5.5
2025-12-06,North,936347,159890,105799,>90,16.6,11.0
2025-12-06,West,462261,63682,37397,>90,12.5,7.3
2025-12-06,Southwest,292338,37929,22245,78.3,10.2,6.0
2025-12-06,South,343869,46385,25286,77.6,10.5,5.7
2025-12-13,North,936572,159890,108246,>90,16.6,11.3
2025-12-13,West,462407,63683,38469,>90,12.5,7.5
2025-12-13,Southwest,292379,37930,22818,78.3,10.2,6.1
2025-12-13,South,343947,46385,26048,77.6,10.5,5.9
