week_end,age_cat,n_onedose,n_2025,n_2026,coverage_onedose,coverage_2025,coverage_2026
2020-12-19,18-29,1398,0,0,0.4,0.0,0.0
2020-12-19,30-49,5082,0,0,0.9,0.0,0.0
2020-12-19,50-64,3954,0,0,0.8,0.0,0.0
2020-12-19,65+,1733,0,0,0.4,0.0,0.0
2020-12-26,0-17,1,0,0,0.0,0.0,0.0
2020-12-26,18-29,2628,0,0,0.8,0.0,0.0
2020-12-26,30-49,8888,0,0,1.5,0.0,0.0
2020-12-26,50-64,6907,0,0,1.5,0.0,0.0
2020-12-26,65+,3130,0,0,0.8,0.0,0.0
2021-01-02,0-17,23,0,0,0.0,0.0,0.0
2021-01-02,18-29,4434,0,0,1.4,0.0,0.0
2021-01-02,30-49,13708,0,0,2.3,0.0,0.0
2021-01-02,50-64,11024,0,0,2.3,0.0,0.0
2021-01-02,65+,6466,0,0,1.6,0.0,0.0
2021-01-09,0-17,59,0,0,0.0,0.0,0.0
2021-01-09,18-29,6401,0,0,2.0,0.0,0.0
2021-01-09,30-49,18651,0,0,3.2,0.0,0.0
2021-01-09,50-64,15469,0,0,3.3,0.0,0.0
2021-01-09,65+,11446,0,0,2.8,0.0,0.0
2021-01-16,0-17,107,0,0,0.0,0.0,0.0
2021-01-16,18-29,8895,0,0,2.7,0.0,0.0
2021-01-16,30-49,24631,0,0,4.2,0.0,0.0
2021-01-16,50-64,20706,0,0,4.4,0.0,0.0
2021-01-16,65+,19003,0,0,4.7,0.0,0.0
2021-01-23,0-17,160,0,0,0.0,0.0,0.0
2021-01-23,18-29,11710,0,0,3.6,0.0,0.0
2021-01-23,30-49,31656,0,0,5.4,0.0,0.0
2021-01-23,50-64,26741,0,0,5.7,0.0,0.0
2021-01-23,65+,31818,0,0,7.9,0.0,0.0
2021-01-30,0-17,195,0,0,0.0,0.0,0.0
2021-01-30,18-29,14801,0,0,4.5,0.0,0.0
2021-01-30,30-49,41246,0,0,7.1,0.0,0.0
2021-01-30,50-64,35149,0,0,7.5,0.0,0.0
2021-01-30,65+,57790,0,0,14.4,0.0,0.0
2021-02-06,0-17,300,0,0,0.1,0.0,0.0
2021-02-06,18-29,18815,0,0,5.8,0.0,0.0
2021-02-06,30-49,52574,0,0,9.0,0.0,0.0
2021-02-06,50-64,45658,0,0,9.7,0.0,0.0
2021-02-06,65+,96430,0,0,24.0,0.0,0.0
2021-02-13,0-17,337,0,0,0.1,0.0,0.0
2021-02-13,18-29,22466,0,0,6.9,0.0,0.0
2021-02-13,30-49,64094,0,0,11.0,0.0,0.0
2021-02-13,50-64,57161,0,0,12.2,0.0,0.0
2021-02-13,65+,137170,0,0,34.1,0.0,0.0
2021-02-20,0-17,366,0,0,0.1,0.0,0.0
2021-02-20,18-29,25391,0,0,7.8,0.0,0.0
2021-02-20,30-49,72610,0,0,12.4,0.0,0.0
2021-02-20,50-64,65806,0,0,14.0,0.0,0.0
2021-02-20,65+,163620,0,0,40.7,0.0,0.0
2021-02-27,0-17,430,0,0,0.1,0.0,0.0
2021-02-27,18-29,28157,0,0,8.7,0.0,0.0
2021-02-27,30-49,80623,0,0,13.8,0.0,0.0
2021-02-27,50-64,74800,0,0,15.9,0.0,0.0
2021-02-27,65+,191377,0,0,47.6,0.0,0.0
2021-03-06,0-17,501,0,0,0.1,0.0,0.0
2021-03-06,18-29,31799,0,0,9.8,0.0,0.0
2021-03-06,30-49,91272,0,0,15.6,0.0,0.0
2021-03-06,50-64,87285,0,0,18.6,0.0,0.0
2021-03-06,65+,219160,0,0,54.5,0.0,0.0
2021-03-13,0-17,595,0,0,0.1,0.0,0.0
2021-03-13,18-29,36983,0,0,11.4,0.0,0.0
2021-03-13,30-49,106438,0,0,18.2,0.0,0.0
2021-03-13,50-64,106205,0,0,22.6,0.0,0.0
2021-03-13,65+,254535,0,0,63.3,0.0,0.0
2021-03-20,0-17,812,0,0,0.2,0.0,0.0
2021-03-20,18-29,45354,0,0,13.9,0.0,0.0
2021-03-20,30-49,128779,0,0,22.1,0.0,0.0
2021-03-20,50-64,132440,0,0,28.2,0.0,0.0
2021-03-20,65+,288380,0,0,71.7,0.0,0.0
2021-03-27,0-17,1145,0,0,0.2,0.0,0.0
2021-03-27,18-29,55027,0,0,16.9,0.0,0.0
2021-03-27,30-49,154410,0,0,26.5,0.0,0.0
2021-03-27,50-64,163629,0,0,34.9,0.0,0.0
2021-03-27,65+,312235,0,0,77.6,0.0,0.0
2021-04-03,0-17,1968,0,0,0.4,0.0,0.0
2021-04-03,18-29,70562,0,0,21.7,0.0,0.0
2021-04-03,30-49,191040,0,0,32.7,0.0,0.0
2021-04-03,50-64,199427,0,0,42.5,0.0,0.0
2021-04-03,65+,331547,0,0,82.4,0.0,0.0
2021-04-10,0-17,3051,0,0,0.6,0.0,0.0
2021-04-10,18-29,88293,0,0,27.1,0.0,0.0
2021-04-10,30-49,226197,0,0,38.8,0.0,0.0
2021-04-10,50-64,230333,0,0,49.1,0.0,0.0
2021-04-10,65+,345820,0,0,86.0,0.0,0.0
2021-04-17,0-17,6074,0,0,1.2,0.0,0.0
2021-04-17,18-29,109193,0,0,33.5,0.0,0.0
2021-04-17,30-49,258049,0,0,44.2,0.0,0.0
2021-04-17,50-64,256490,0,0,54.7,0.0,0.0
2021-04-17,65+,355917,0,0,88.5,0.0,0.0
2021-04-24,0-17,9339,0,0,1.8,0.0,0.0
2021-04-24,18-29,125835,0,0,38.7,0.0,0.0
2021-04-24,30-49,281597,0,0,48.3,0.0,0.0
2021-04-24,50-64,275415,0,0,58.7,0.0,0.0
2021-04-24,65+,363241,0,0,>90,0.0,0.0
2021-05-01,0-17,12124,0,0,2.4,0.0,0.0
2021-05-01,18-29,138395,0,0,42.5,0.0,0.0
2021-05-01,30-49,300397,0,0,51.5,0.0,0.0
2021-05-01,50-64,289408,0,0,61.7,0.0,0.0
2021-05-01,65+,368887,0,0,>90,0.0,0.0
2021-05-08,0-17,13965,0,0,2.8,0.0,0.0
2021-05-08,18-29,147339,0,0,45.3,0.0,0.0
2021-05-08,30-49,313389,0,0,53.7,0.0,0.0
2021-05-08,50-64,298893,0,0,63.7,0.0,0.0
2021-05-08,65+,373162,0,0,>90,0.0,0.0
2021-05-15,0-17,27884,0,0,5.5,0.0,0.0
2021-05-15,18-29,156571,0,0,48.1,0.0,0.0
2021-05-15,30-49,323173,0,0,55.4,0.0,0.0
2021-05-15,50-64,305856,0,0,65.2,0.0,0.0
2021-05-15,65+,376265,0,0,>90,0.0,0.0
2021-05-22,0-17,45578,0,0,9.0,0.0,0.0
2021-05-22,18-29,167400,0,0,51.4,0.0,0.0
2021-05-22,30-49,335337,0,0,57.5,0.0,0.0
2021-05-22,50-64,313885,0,0,66.9,0.0,0.0
2021-05-22,65+,379507,0,0,>90,0.0,0.0
2021-05-29,0-17,53776,0,0,10.6,0.0,0.0
2021-05-29,18-29,174515,0,0,53.6,0.0,0.0
2021-05-29,30-49,343611,0,0,58.9,0.0,0.0
2021-05-29,50-64,318990,0,0,68.0,0.0,0.0
2021-05-29,65+,381609,0,0,>90,0.0,0.0
2021-06-05,0-17,60337,0,0,11.9,0.0,0.0
2021-06-05,18-29,179422,0,0,55.1,0.0,0.0
2021-06-05,30-49,349798,0,0,60.0,0.0,0.0
2021-06-05,50-64,322711,0,0,68.8,0.0,0.0
2021-06-05,65+,383273,0,0,>90,0.0,0.0
2021-06-12,0-17,65842,0,0,13.0,0.0,0.0
2021-06-12,18-29,183683,0,0,56.4,0.0,0.0
2021-06-12,30-49,354967,0,0,60.8,0.0,0.0
2021-06-12,50-64,325841,0,0,69.4,0.0,0.0
2021-06-12,65+,384706,0,0,>90,0.0,0.0
2021-06-19,0-17,69426,0,0,13.7,0.0,0.0
2021-06-19,18-29,187273,0,0,57.5,0.0,0.0
2021-06-19,30-49,359431,0,0,61.6,0.0,0.0
2021-06-19,50-64,328535,0,0,70.0,0.0,0.0
2021-06-19,65+,385971,0,0,>90,0.0,0.0
2021-06-26,0-17,72173,0,0,14.2,0.0,0.0
2021-06-26,18-29,189874,0,0,58.3,0.0,0.0
2021-06-26,30-49,362954,0,0,62.2,0.0,0.0
2021-06-26,50-64,330548,0,0,70.4,0.0,0.0
2021-06-26,65+,387014,0,0,>90,0.0,0.0
2021-07-03,0-17,75037,0,0,14.8,0.0,0.0
2021-07-03,18-29,193151,0,0,59.3,0.0,0.0
2021-07-03,30-49,366970,0,0,62.9,0.0,0.0
2021-07-03,50-64,333005,0,0,71.0,0.0,0.0
2021-07-03,65+,388157,0,0,>90,0.0,0.0
2021-07-10,0-17,77247,0,0,15.2,0.0,0.0
2021-07-10,18-29,195539,0,0,60.1,0.0,0.0
2021-07-10,30-49,370011,0,0,63.4,0.0,0.0
2021-07-10,50-64,334816,0,0,71.3,0.0,0.0
2021-07-10,65+,388969,0,0,>90,0.0,0.0
2021-07-17,0-17,80696,0,0,15.9,0.0,0.0
2021-07-17,18-29,198686,0,0,61.0,0.0,0.0
2021-07-17,30-49,373758,0,0,64.1,0.0,0.0
2021-07-17,50-64,336980,0,0,71.8,0.0,0.0
2021-07-17,65+,389981,0,0,>90,0.0,0.0
2021-07-24,0-17,84413,0,0,16.7,0.0,0.0
2021-07-24,18-29,201865,0,0,62.0,0.0,0.0
2021-07-24,30-49,377933,0,0,64.8,0.0,0.0
2021-07-24,50-64,339608,0,0,72.4,0.0,0.0
2021-07-24,65+,391173,0,0,>90,0.0,0.0
2021-07-31,0-17,88144,0,0,17.4,0.0,0.0
2021-07-31,18-29,205290,0,0,63.1,0.0,0.0
2021-07-31,30-49,382307,0,0,65.5,0.0,0.0
2021-07-31,50-64,342098,0,0,72.9,0.0,0.0
2021-07-31,65+,392173,0,0,>90,0.0,0.0
2021-08-07,0-17,91972,0,0,18.1,0.0,0.0
2021-08-07,18-29,209290,0,0,64.3,0.0,0.0
2021-08-07,30-49,387539,0,0,66.4,0.0,0.0
2021-08-07,50-64,344936,0,0,73.5,0.0,0.0
2021-08-07,65+,393307,0,0,>90,0.0,0.0
2021-08-14,0-17,95529,0,0,18.8,0.0,0.0
2021-08-14,18-29,212830,0,0,65.4,0.0,0.0
2021-08-14,30-49,392252,0,0,67.2,0.0,0.0
2021-08-14,50-64,347375,0,0,74.0,0.0,0.0
2021-08-14,65+,394349,0,0,>90,0.0,0.0
2021-08-21,0-17,98183,0,0,19.4,0.0,0.0
2021-08-21,18-29,216191,0,0,66.4,0.0,0.0
2021-08-21,30-49,396783,0,0,68.0,0.0,0.0
2021-08-21,50-64,349758,0,0,74.5,0.0,0.0
2021-08-21,65+,395702,0,0,>90,0.0,0.0
2021-08-28,0-17,100350,0,0,19.8,0.0,0.0
2021-08-28,18-29,219582,0,0,67.5,0.0,0.0
2021-08-28,30-49,401521,0,0,68.8,0.0,0.0
2021-08-28,50-64,352285,0,0,75.1,0.0,0.0
2021-08-28,65+,396974,0,0,>90,0.0,0.0
2021-09-04,0-17,102126,0,0,20.2,0.0,0.0
2021-09-04,18-29,223516,0,0,68.7,0.0,0.0
2021-09-04,30-49,406712,0,0,69.7,0.0,0.0
2021-09-04,50-64,354932,0,0,75.6,0.0,0.0
2021-09-04,65+,398136,0,0,>90,0.0,0.0
2021-09-11,0-17,103459,0,0,20.4,0.0,0.0
2021-09-11,18-29,226103,0,0,69.5,0.0,0.0
2021-09-11,30-49,410339,0,0,70.3,0.0,0.0
2021-09-11,50-64,356752,0,0,76.0,0.0,0.0
2021-09-11,65+,398967,0,0,>90,0.0,0.0
2021-09-18,0-17,104704,0,0,20.7,0.0,0.0
2021-09-18,18-29,228636,0,0,70.2,0.0,0.0
2021-09-18,30-49,414020,0,0,71.0,0.0,0.0
2021-09-18,50-64,358536,0,0,76.4,0.0,0.0
2021-09-18,65+,399875,0,0,>90,0.0,0.0
2021-09-25,0-17,105771,0,0,20.9,0.0,0.0
2021-09-25,18-29,230720,0,0,70.9,0.0,0.0
2021-09-25,30-49,417148,0,0,71.5,0.0,0.0
2021-09-25,50-64,360081,0,0,76.7,0.0,0.0
2021-09-25,65+,401125,0,0,>90,0.0,0.0
2021-10-02,0-17,106701,0,0,21.1,0.0,0.0
2021-10-02,18-29,232659,0,0,71.5,0.0,0.0
2021-10-02,30-49,420253,0,0,72.0,0.0,0.0
2021-10-02,50-64,361755,0,0,77.1,0.0,0.0
2021-10-02,65+,403788,0,0,>90,0.0,0.0
2021-10-09,0-17,107544,0,0,21.2,0.0,0.0
2021-10-09,18-29,234420,0,0,72.0,0.0,0.0
2021-10-09,30-49,423336,0,0,72.6,0.0,0.0
2021-10-09,50-64,363500,0,0,77.5,0.0,0.0
2021-10-09,65+,406024,0,0,>90,0.0,0.0
2021-10-16,0-17,108359,0,0,21.4,0.0,0.0
2021-10-16,18-29,235915,0,0,72.5,0.0,0.0
2021-10-16,30-49,426129,0,0,73.0,0.0,0.0
2021-10-16,50-64,365238,0,0,77.8,0.0,0.0
2021-10-16,65+,407976,0,0,>90,0.0,0.0
2021-10-23,0-17,109041,0,0,21.5,0.0,0.0
2021-10-23,18-29,237373,0,0,72.9,0.0,0.0
2021-10-23,30-49,428917,0,0,73.5,0.0,0.0
2021-10-23,50-64,367067,0,0,78.2,0.0,0.0
2021-10-23,65+,410675,0,0,>90,0.0,0.0
2021-10-30,0-17,109611,0,0,21.6,0.0,0.0
2021-10-30,18-29,238908,0,0,73.4,0.0,0.0
2021-10-30,30-49,432269,0,0,74.1,0.0,0.0
2021-10-30,50-64,369670,0,0,78.8,0.0,0.0
2021-10-30,65+,414875,0,0,>90,0.0,0.0
2021-11-06,0-17,112386,0,0,22.2,0.0,0.0
2021-11-06,18-29,240602,0,0,73.9,0.0,0.0
2021-11-06,30-49,435909,0,0,74.7,0.0,0.0
2021-11-06,50-64,372288,0,0,79.3,0.0,0.0
2021-11-06,65+,418259,0,0,>90,0.0,0.0
2021-11-13,0-17,129113,0,0,25.5,0.0,0.0
2021-11-13,18-29,242082,0,0,74.4,0.0,0.0
2021-11-13,30-49,439439,0,0,75.3,0.0,0.0
2021-11-13,50-64,374850,0,0,79.9,0.0,0.0
2021-11-13,65+,421103,0,0,>90,0.0,0.0
2021-11-20,0-17,141387,0,0,27.9,0.0,0.0
2021-11-20,18-29,243865,0,0,74.9,0.0,0.0
2021-11-20,30-49,443454,0,0,76.0,0.0,0.0
2021-11-20,50-64,378021,0,0,80.5,0.0,0.0
2021-11-20,65+,424217,0,0,>90,0.0,0.0
2021-11-27,0-17,148438,0,0,29.3,0.0,0.0
2021-11-27,18-29,246128,0,0,75.6,0.0,0.0
2021-11-27,30-49,447153,0,0,76.7,0.0,0.0
2021-11-27,50-64,380741,0,0,81.1,0.0,0.0
2021-11-27,65+,426242,0,0,>90,0.0,0.0
2021-12-04,0-17,158550,0,0,31.3,0.0,0.0
2021-12-04,18-29,248246,0,0,76.3,0.0,0.0
2021-12-04,30-49,451997,0,0,77.5,0.0,0.0
2021-12-04,50-64,384321,0,0,81.9,0.0,0.0
2021-12-04,65+,428790,0,0,>90,0.0,0.0
2021-12-11,0-17,166663,0,0,32.9,0.0,0.0
2021-12-11,18-29,250687,0,0,77.0,0.0,0.0
2021-12-11,30-49,457211,0,0,78.4,0.0,0.0
2021-12-11,50-64,388089,0,0,82.7,0.0,0.0
2021-12-11,65+,430907,0,0,>90,0.0,0.0
2021-12-18,0-17,173395,0,0,34.2,0.0,0.0
2021-12-18,18-29,253829,0,0,78.0,0.0,0.0
2021-12-18,30-49,462288,0,0,79.2,0.0,0.0
2021-12-18,50-64,391671,0,0,83.5,0.0,0.0
2021-12-18,65+,432899,0,0,>90,0.0,0.0
2021-12-25,0-17,178330,0,0,35.2,0.0,0.0
2021-12-25,18-29,257912,0,0,79.2,0.0,0.0
2021-12-25,30-49,466512,0,0,80.0,0.0,0.0
2021-12-25,50-64,394488,0,0,84.1,0.0,0.0
2021-12-25,65+,434395,0,0,>90,0.0,0.0
2022-01-01,0-17,184217,0,0,36.3,0.0,0.0
2022-01-01,18-29,261723,0,0,80.4,0.0,0.0
2022-01-01,30-49,471046,0,0,80.7,0.0,0.0
2022-01-01,50-64,397045,0,0,84.6,0.0,0.0
2022-01-01,65+,435583,0,0,>90,0.0,0.0
2022-01-08,0-17,192873,0,0,38.1,0.0,0.0
2022-01-08,18-29,267017,0,0,82.0,0.0,0.0
2022-01-08,30-49,477404,0,0,81.8,0.0,0.0
2022-01-08,50-64,399926,0,0,85.2,0.0,0.0
2022-01-08,65+,436878,0,0,>90,0.0,0.0
2022-01-15,0-17,200910,0,0,39.6,0.0,0.0
2022-01-15,18-29,272038,0,0,83.6,0.0,0.0
2022-01-15,30-49,483246,0,0,82.8,0.0,0.0
2022-01-15,50-64,402509,0,0,85.8,0.0,0.0
2022-01-15,65+,438051,0,0,>90,0.0,0.0
2022-01-22,0-17,207532,0,0,40.9,0.0,0.0
2022-01-22,18-29,275836,0,0,84.7,0.0,0.0
2022-01-22,30-49,487852,0,0,83.6,0.0,0.0
2022-01-22,50-64,404539,0,0,86.2,0.0,0.0
2022-01-22,65+,438875,0,0,>90,0.0,0.0
2022-01-29,0-17,212224,0,0,41.9,0.0,0.0
2022-01-29,18-29,278545,0,0,85.6,0.0,0.0
2022-01-29,30-49,491245,0,0,84.2,0.0,0.0
2022-01-29,50-64,405982,0,0,86.5,0.0,0.0
2022-01-29,65+,439563,0,0,>90,0.0,0.0
2022-02-05,0-17,215487,0,0,42.5,0.0,0.0
2022-02-05,18-29,280535,0,0,86.2,0.0,0.0
2022-02-05,30-49,493732,0,0,84.6,0.0,0.0
2022-02-05,50-64,407030,0,0,86.7,0.0,0.0
2022-02-05,65+,440027,0,0,>90,0.0,0.0
2022-02-12,0-17,218523,0,0,43.1,0.0,0.0
2022-02-12,18-29,282360,0,0,86.7,0.0,0.0
2022-02-12,30-49,495735,0,0,85.0,0.0,0.0
2022-02-12,50-64,407955,0,0,86.9,0.0,0.0
2022-02-12,65+,440473,0,0,>90,0.0,0.0
2022-02-19,0-17,220404,0,0,43.5,0.0,0.0
2022-02-19,18-29,283442,0,0,87.1,0.0,0.0
2022-02-19,30-49,496975,0,0,85.2,0.0,0.0
2022-02-19,50-64,408488,0,0,87.0,0.0,0.0
2022-02-19,65+,440748,0,0,>90,0.0,0.0
2022-02-26,0-17,222255,0,0,43.9,0.0,0.0
2022-02-26,18-29,284395,0,0,87.4,0.0,0.0
2022-02-26,30-49,498131,0,0,85.4,0.0,0.0
2022-02-26,50-64,408961,0,0,87.1,0.0,0.0
2022-02-26,65+,441033,0,0,>90,0.0,0.0
2022-03-05,0-17,223545,0,0,44.1,0.0,0.0
2022-03-05,18-29,285065,0,0,87.6,0.0,0.0
2022-03-05,30-49,498952,0,0,85.5,0.0,0.0
2022-03-05,50-64,409347,0,0,87.2,0.0,0.0
2022-03-05,65+,441286,0,0,>90,0.0,0.0
2022-03-12,0-17,224364,0,0,44.3,0.0,0.0
2022-03-12,18-29,285545,0,0,87.7,0.0,0.0
2022-03-12,30-49,499547,0,0,85.6,0.0,0.0
2022-03-12,50-64,409647,0,0,87.3,0.0,0.0
2022-03-12,65+,441465,0,0,>90,0.0,0.0
2022-03-19,0-17,225089,0,0,44.4,0.0,0.0
2022-03-19,18-29,286043,0,0,87.9,0.0,0.0
2022-03-19,30-49,500143,0,0,85.7,0.0,0.0
2022-03-19,50-64,409950,0,0,87.3,0.0,0.0
2022-03-19,65+,441636,0,0,>90,0.0,0.0
2022-03-26,0-17,225685,0,0,44.5,0.0,0.0
2022-03-26,18-29,286399,0,0,88.0,0.0,0.0
2022-03-26,30-49,500650,0,0,85.8,0.0,0.0
2022-03-26,50-64,410212,0,0,87.4,0.0,0.0
2022-03-26,65+,441808,0,0,>90,0.0,0.0
2022-04-02,0-17,226199,0,0,44.6,0.0,0.0
2022-04-02,18-29,286725,0,0,88.1,0.0,0.0
2022-04-02,30-49,501092,0,0,85.9,0.0,0.0
2022-04-02,50-64,410580,0,0,87.5,0.0,0.0
2022-04-02,65+,442192,0,0,>90,0.0,0.0
2022-04-09,0-17,226620,0,0,44.7,0.0,0.0
2022-04-09,18-29,287010,0,0,88.2,0.0,0.0
2022-04-09,30-49,501475,0,0,86.0,0.0,0.0
2022-04-09,50-64,410964,0,0,87.6,0.0,0.0
2022-04-09,65+,442871,0,0,>90,0.0,0.0
2022-04-16,0-17,227042,0,0,44.8,0.0,0.0
2022-04-16,18-29,287286,0,0,88.3,0.0,0.0
2022-04-16,30-49,501833,0,0,86.0,0.0,0.0
2022-04-16,50-64,411380,0,0,87.7,0.0,0.0
2022-04-16,65+,443592,0,0,>90,0.0,0.0
2022-04-23,0-17,227381,0,0,44.9,0.0,0.0
2022-04-23,18-29,287556,0,0,88.3,0.0,0.0
2022-04-23,30-49,502188,0,0,86.1,0.0,0.0
2022-04-23,50-64,411774,0,0,87.7,0.0,0.0
2022-04-23,65+,444269,0,0,>90,0.0,0.0
2022-04-30,0-17,227766,0,0,44.9,0.0,0.0
2022-04-30,18-29,287811,0,0,88.4,0.0,0.0
2022-04-30,30-49,502547,0,0,86.1,0.0,0.0
2022-04-30,50-64,412141,0,0,87.8,0.0,0.0
2022-04-30,65+,444789,0,0,>90,0.0,0.0
2022-05-07,0-17,228169,0,0,45.0,0.0,0.0
2022-05-07,18-29,288041,0,0,88.5,0.0,0.0
2022-05-07,30-49,502847,0,0,86.2,0.0,0.0
2022-05-07,50-64,412402,0,0,87.9,0.0,0.0
2022-05-07,65+,445184,0,0,>90,0.0,0.0
2022-05-14,0-17,228538,0,0,45.1,0.0,0.0
2022-05-14,18-29,288340,0,0,88.6,0.0,0.0
2022-05-14,30-49,503183,0,0,86.3,0.0,0.0
2022-05-14,50-64,412741,0,0,87.9,0.0,0.0
2022-05-14,65+,445719,0,0,>90,0.0,0.0
2022-05-21,0-17,229095,0,0,45.2,0.0,0.0
2022-05-21,18-29,288621,0,0,88.7,0.0,0.0
2022-05-21,30-49,503535,0,0,86.3,0.0,0.0
2022-05-21,50-64,413122,0,0,88.0,0.0,0.0
2022-05-21,65+,446212,0,0,>90,0.0,0.0
2022-05-28,0-17,229779,0,0,45.3,0.0,0.0
2022-05-28,18-29,288927,0,0,88.8,0.0,0.0
2022-05-28,30-49,503859,0,0,86.4,0.0,0.0
2022-05-28,50-64,413498,0,0,88.1,0.0,0.0
2022-05-28,65+,446771,0,0,>90,0.0,0.0
2022-06-04,0-17,230309,0,0,45.4,0.0,0.0
2022-06-04,18-29,289172,0,0,88.8,0.0,0.0
2022-06-04,30-49,504133,0,0,86.4,0.0,0.0
2022-06-04,50-64,413820,0,0,88.2,0.0,0.0
2022-06-04,65+,447145,0,0,>90,0.0,0.0
2022-06-11,0-17,230873,0,0,45.6,0.0,0.0
2022-06-11,18-29,289470,0,0,88.9,0.0,0.0
2022-06-11,30-49,504407,0,0,86.5,0.0,0.0
2022-06-11,50-64,414072,0,0,88.2,0.0,0.0
2022-06-11,65+,447475,0,0,>90,0.0,0.0
2022-06-18,0-17,231316,0,0,45.6,0.0,0.0
2022-06-18,18-29,289694,0,0,89.0,0.0,0.0
2022-06-18,30-49,504674,0,0,86.5,0.0,0.0
2022-06-18,50-64,414323,0,0,88.3,0.0,0.0
2022-06-18,65+,447840,0,0,>90,0.0,0.0
2022-06-25,0-17,232763,0,0,45.9,0.0,0.0
2022-06-25,18-29,289922,0,0,89.1,0.0,0.0
2022-06-25,30-49,504922,0,0,86.6,0.0,0.0
2022-06-25,50-64,414585,0,0,88.3,0.0,0.0
2022-06-25,65+,448200,0,0,>90,0.0,0.0
2022-07-02,0-17,235091,0,0,46.4,0.0,0.0
2022-07-02,18-29,290131,0,0,89.1,0.0,0.0
2022-07-02,30-49,505185,0,0,86.6,0.0,0.0
2022-07-02,50-64,414806,0,0,88.4,0.0,0.0
2022-07-02,65+,448484,0,0,>90,0.0,0.0
2022-07-09,0-17,236968,0,0,46.8,0.0,0.0
2022-07-09,18-29,290352,0,0,89.2,0.0,0.0
2022-07-09,30-49,505414,0,0,86.6,0.0,0.0
2022-07-09,50-64,415035,0,0,88.4,0.0,0.0
2022-07-09,65+,448673,0,0,>90,0.0,0.0
2022-07-16,0-17,238777,0,0,47.1,0.0,0.0
2022-07-16,18-29,290611,0,0,89.3,0.0,0.0
2022-07-16,30-49,505728,0,0,86.7,0.0,0.0
2022-07-16,50-64,415380,0,0,88.5,0.0,0.0
2022-07-16,65+,449028,0,0,>90,0.0,0.0
2022-07-23,0-17,240709,0,0,47.5,0.0,0.0
2022-07-23,18-29,290834,0,0,89.4,0.0,0.0
2022-07-23,30-49,505983,0,0,86.7,0.0,0.0
2022-07-23,50-64,415705,0,0,88.6,0.0,0.0
2022-07-23,65+,449427,0,0,>90,0.0,0.0
2022-07-30,0-17,242634,0,0,47.9,0.0,0.0
2022-07-30,18-29,291054,0,0,89.4,0.0,0.0
2022-07-30,30-49,506269,0,0,86.8,0.0,0.0
2022-07-30,50-64,415935,0,0,88.6,0.0,0.0
2022-07-30,65+,449711,0,0,>90,0.0,0.0
2022-08-06,0-17,244500,0,0,48.2,0.0,0.0
2022-08-06,18-29,291291,0,0,89.5,0.0,0.0
2022-08-06,30-49,506528,0,0,86.8,0.0,0.0
2022-08-06,50-64,416139,0,0,88.7,0.0,0.0
2022-08-06,65+,449946,0,0,>90,0.0,0.0
2022-08-13,0-17,246257,0,0,48.6,0.0,0.0
2022-08-13,18-29,291531,0,0,89.6,0.0,0.0
2022-08-13,30-49,506762,0,0,86.9,0.0,0.0
2022-08-13,50-64,416324,0,0,88.7,0.0,0.0
2022-08-13,65+,450116,0,0,>90,0.0,0.0
2022-08-20,0-17,247836,0,0,48.9,0.0,0.0
2022-08-20,18-29,291739,0,0,89.6,0.0,0.0
2022-08-20,30-49,506969,0,0,86.9,0.0,0.0
2022-08-20,50-64,416461,0,0,88.7,0.0,0.0
2022-08-20,65+,450278,0,0,>90,0.0,0.0
2022-08-27,0-17,248980,0,0,49.1,0.0,0.0
2022-08-27,18-29,291913,0,0,89.7,0.0,0.0
2022-08-27,30-49,507178,0,0,86.9,0.0,0.0
2022-08-27,50-64,416610,0,0,88.8,0.0,0.0
2022-08-27,65+,450456,0,0,>90,0.0,0.0
2022-09-03,0-17,249920,0,0,49.3,0.0,0.0
2022-09-03,18-29,292055,0,0,89.7,0.0,0.0
2022-09-03,30-49,507342,0,0,87.0,0.0,0.0
2022-09-03,50-64,416728,0,0,88.8,0.0,0.0
2022-09-03,65+,450561,0,0,>90,0.0,0.0
2022-09-10,0-17,250602,0,0,49.4,0.0,0.0
2022-09-10,18-29,292265,0,0,89.8,0.0,0.0
2022-09-10,30-49,507875,0,0,87.1,0.0,0.0
2022-09-10,50-64,416993,0,0,88.8,0.0,0.0
2022-09-10,65+,450910,0,0,>90,0.0,0.0
2022-09-17,0-17,251327,0,0,49.6,0.0,0.0
2022-09-17,18-29,292537,0,0,89.9,0.0,0.0
2022-09-17,30-49,508590,0,0,87.2,0.0,0.0
2022-09-17,50-64,417426,0,0,88.9,0.0,0.0
2022-09-17,65+,451462,0,0,>90,0.0,0.0
2022-09-24,0-17,251971,0,0,49.7,0.0,0.0
2022-09-24,18-29,292845,0,0,90.0,0.0,0.0
2022-09-24,30-49,509304,0,0,87.3,0.0,0.0
2022-09-24,50-64,417882,0,0,89.0,0.0,0.0
2022-09-24,65+,452147,0,0,>90,0.0,0.0
2022-10-01,0-17,252662,0,0,49.9,0.0,0.0
2022-10-01,18-29,293143,0,0,>90,0.0,0.0
2022-10-01,30-49,510096,0,0,87.4,0.0,0.0
2022-10-01,50-64,418403,0,0,89.2,0.0,0.0
2022-10-01,65+,452971,0,0,>90,0.0,0.0
2022-10-08,0-17,253350,0,0,50.0,0.0,0.0
2022-10-08,18-29,293474,0,0,>90,0.0,0.0
2022-10-08,30-49,510877,0,0,87.6,0.0,0.0
2022-10-08,50-64,418945,0,0,89.3,0.0,0.0
2022-10-08,65+,453728,0,0,>90,0.0,0.0
2022-10-15,0-17,253916,0,0,50.1,0.0,0.0
2022-10-15,18-29,293779,0,0,>90,0.0,0.0
2022-10-15,30-49,511694,0,0,87.7,0.0,0.0
2022-10-15,50-64,419481,0,0,89.4,0.0,0.0
2022-10-15,65+,454483,0,0,>90,0.0,0.0
2022-10-22,0-17,254637,0,0,50.2,0.0,0.0
2022-10-22,18-29,294093,0,0,>90,0.0,0.0
2022-10-22,30-49,512483,0,0,87.9,0.0,0.0
2022-10-22,50-64,420022,0,0,89.5,0.0,0.0
2022-10-22,65+,455222,0,0,>90,0.0,0.0
2022-10-29,0-17,255351,0,0,50.4,0.0,0.0
2022-10-29,18-29,294389,0,0,>90,0.0,0.0
2022-10-29,30-49,513291,0,0,88.0,0.0,0.0
2022-10-29,50-64,420603,0,0,89.6,0.0,0.0
2022-10-29,65+,455894,0,0,>90,0.0,0.0
2022-11-05,0-17,255993,0,0,50.5,0.0,0.0
2022-11-05,18-29,294704,0,0,>90,0.0,0.0
2022-11-05,30-49,513991,0,0,88.1,0.0,0.0
2022-11-05,50-64,421115,0,0,89.7,0.0,0.0
2022-11-05,65+,456444,0,0,>90,0.0,0.0
2022-11-12,0-17,256757,0,0,50.7,0.0,0.0
2022-11-12,18-29,295004,0,0,>90,0.0,0.0
2022-11-12,30-49,514673,0,0,88.2,0.0,0.0
2022-11-12,50-64,421526,0,0,89.8,0.0,0.0
2022-11-12,65+,456896,0,0,>90,0.0,0.0
2022-11-19,0-17,257429,0,0,50.8,0.0,0.0
2022-11-19,18-29,295256,0,0,>90,0.0,0.0
2022-11-19,30-49,515265,0,0,88.3,0.0,0.0
2022-11-19,50-64,421942,0,0,89.9,0.0,0.0
2022-11-19,65+,457340,0,0,>90,0.0,0.0
2022-11-26,0-17,257772,0,0,50.9,0.0,0.0
2022-11-26,18-29,295396,0,0,>90,0.0,0.0
2022-11-26,30-49,515437,0,0,88.4,0.0,0.0
2022-11-26,50-64,422056,0,0,89.9,0.0,0.0
2022-11-26,65+,457500,0,0,>90,0.0,0.0
2022-12-03,0-17,258285,0,0,51.0,0.0,0.0
2022-12-03,18-29,295605,0,0,>90,0.0,0.0
2022-12-03,30-49,515896,0,0,88.4,0.0,0.0
2022-12-03,50-64,422390,0,0,90.0,0.0,0.0
2022-12-03,65+,457778,0,0,>90,0.0,0.0
2022-12-10,0-17,258754,0,0,51.1,0.0,0.0
2022-12-10,18-29,295861,0,0,>90,0.0,0.0
2022-12-10,30-49,516390,0,0,88.5,0.0,0.0
2022-12-10,50-64,422696,0,0,>90,0.0,0.0
2022-12-10,65+,458045,0,0,>90,0.0,0.0
2022-12-17,0-17,259214,0,0,51.1,0.0,0.0
2022-12-17,18-29,296106,0,0,>90,0.0,0.0
2022-12-17,30-49,516847,0,0,88.6,0.0,0.0
2022-12-17,50-64,423014,0,0,>90,0.0,0.0
2022-12-17,65+,458352,0,0,>90,0.0,0.0
2022-12-24,0-17,259570,0,0,51.2,0.0,0.0
2022-12-24,18-29,296357,0,0,>90,0.0,0.0
2022-12-24,30-49,517136,0,0,88.6,0.0,0.0
2022-12-24,50-64,423268,0,0,>90,0.0,0.0
2022-12-24,65+,458534,0,0,>90,0.0,0.0
2022-12-31,0-17,259901,0,0,51.3,0.0,0.0
2022-12-31,18-29,296573,0,0,>90,0.0,0.0
2022-12-31,30-49,517471,0,0,88.7,0.0,0.0
2022-12-31,50-64,423507,0,0,>90,0.0,0.0
2022-12-31,65+,458711,0,0,>90,0.0,0.0
2023-01-07,0-17,260271,0,0,51.4,0.0,0.0
2023-01-07,18-29,296773,0,0,>90,0.0,0.0
2023-01-07,30-49,517766,0,0,88.8,0.0,0.0
2023-01-07,50-64,423722,0,0,>90,0.0,0.0
2023-01-07,65+,458873,0,0,>90,0.0,0.0
2023-01-14,0-17,260668,0,0,51.4,0.0,0.0
2023-01-14,18-29,296980,0,0,>90,0.0,0.0
2023-01-14,30-49,518039,0,0,88.8,0.0,0.0
2023-01-14,50-64,423883,0,0,>90,0.0,0.0
2023-01-14,65+,459010,0,0,>90,0.0,0.0
2023-01-21,0-17,260948,0,0,51.5,0.0,0.0
2023-01-21,18-29,297107,0,0,>90,0.0,0.0
2023-01-21,30-49,518257,0,0,88.8,0.0,0.0
2023-01-21,50-64,424004,0,0,>90,0.0,0.0
2023-01-21,65+,459110,0,0,>90,0.0,0.0
2023-01-28,0-17,261218,0,0,51.5,0.0,0.0
2023-01-28,18-29,297221,0,0,>90,0.0,0.0
2023-01-28,30-49,518445,0,0,88.9,0.0,0.0
2023-01-28,50-64,424123,0,0,>90,0.0,0.0
2023-01-28,65+,459178,0,0,>90,0.0,0.0
2023-02-04,0-17,261459,0,0,51.6,0.0,0.0
2023-02-04,18-29,297338,0,0,>90,0.0,0.0
2023-02-04,30-49,518643,0,0,88.9,0.0,0.0
2023-02-04,50-64,424241,0,0,>90,0.0,0.0
2023-02-04,65+,459251,0,0,>90,0.0,0.0
2023-02-11,0-17,261698,0,0,51.6,0.0,0.0
2023-02-11,18-29,297456,0,0,>90,0.0,0.0
2023-02-11,30-49,518849,0,0,88.9,0.0,0.0
2023-02-11,50-64,424338,0,0,>90,0.0,0.0
2023-02-11,65+,459322,0,0,>90,0.0,0.0
2023-02-18,0-17,261887,0,0,51.7,0.0,0.0
2023-02-18,18-29,297544,0,0,>90,0.0,0.0
2023-02-18,30-49,518981,0,0,89.0,0.0,0.0
2023-02-18,50-64,424421,0,0,>90,0.0,0.0
2023-02-18,65+,459376,0,0,>90,0.0,0.0
2023-02-25,0-17,262063,0,0,51.7,0.0,0.0
2023-02-25,18-29,297642,0,0,>90,0.0,0.0
2023-02-25,30-49,519113,0,0,89.0,0.0,0.0
2023-02-25,50-64,424505,0,0,>90,0.0,0.0
2023-02-25,65+,459443,0,0,>90,0.0,0.0
2023-03-04,0-17,262235,0,0,51.7,0.0,0.0
2023-03-04,18-29,297702,0,0,>90,0.0,0.0
2023-03-04,30-49,519238,0,0,89.0,0.0,0.0
2023-03-04,50-64,424562,0,0,>90,0.0,0.0
2023-03-04,65+,459499,0,0,>90,0.0,0.0
2023-03-11,0-17,262442,0,0,51.8,0.0,0.0
2023-03-11,18-29,297784,0,0,>90,0.0,0.0
2023-03-11,30-49,519404,0,0,89.0,0.0,0.0
2023-03-11,50-64,424643,0,0,>90,0.0,0.0
2023-03-11,65+,459549,0,0,>90,0.0,0.0
2023-03-18,0-17,262608,0,0,51.8,0.0,0.0
2023-03-18,18-29,297876,0,0,>90,0.0,0.0
2023-03-18,30-49,519531,0,0,89.1,0.0,0.0
2023-03-18,50-64,424707,0,0,>90,0.0,0.0
2023-03-18,65+,459601,0,0,>90,0.0,0.0
2023-03-25,0-17,262773,0,0,51.8,0.0,0.0
2023-03-25,18-29,297950,0,0,>90,0.0,0.0
2023-03-25,30-49,519649,0,0,89.1,0.0,0.0
2023-03-25,50-64,424766,0,0,>90,0.0,0.0
2023-03-25,65+,459646,0,0,>90,0.0,0.0
2023-04-01,0-17,262915,0,0,51.9,0.0,0.0
2023-04-01,18-29,298022,0,0,>90,0.0,0.0
2023-04-01,30-49,519747,0,0,89.1,0.0,0.0
2023-04-01,50-64,424827,0,0,>90,0.0,0.0
2023-04-01,65+,459685,0,0,>90,0.0,0.0
2023-04-08,0-17,263057,0,0,51.9,0.0,0.0
2023-04-08,18-29,298095,0,0,>90,0.0,0.0
2023-04-08,30-49,519848,0,0,89.1,0.0,0.0
2023-04-08,50-64,424881,0,0,>90,0.0,0.0
2023-04-08,65+,459713,0,0,>90,0.0,0.0
2023-04-15,0-17,263202,0,0,51.9,0.0,0.0
2023-04-15,18-29,298161,0,0,>90,0.0,0.0
2023-04-15,30-49,519939,0,0,89.1,0.0,0.0
2023-04-15,50-64,424938,0,0,>90,0.0,0.0
2023-04-15,65+,459749,0,0,>90,0.0,0.0
2023-04-22,0-17,263313,0,0,52.0,0.0,0.0
2023-04-22,18-29,298217,0,0,>90,0.0,0.0
2023-04-22,30-49,520029,0,0,89.1,0.0,0.0
2023-04-22,50-64,425013,0,0,>90,0.0,0.0
2023-04-22,65+,459810,0,0,>90,0.0,0.0
2023-04-29,0-17,263405,0,0,52.0,0.0,0.0
2023-04-29,18-29,298279,0,0,>90,0.0,0.0
2023-04-29,30-49,520123,0,0,89.2,0.0,0.0
2023-04-29,50-64,425063,0,0,>90,0.0,0.0
2023-04-29,65+,459879,0,0,>90,0.0,0.0
2023-05-06,0-17,263481,0,0,52.0,0.0,0.0
2023-05-06,18-29,298356,0,0,>90,0.0,0.0
2023-05-06,30-49,520204,0,0,89.2,0.0,0.0
2023-05-06,50-64,425117,0,0,>90,0.0,0.0
2023-05-06,65+,459960,0,0,>90,0.0,0.0
2023-05-13,0-17,263564,0,0,52.0,0.0,0.0
2023-05-13,18-29,298414,0,0,>90,0.0,0.0
2023-05-13,30-49,520274,0,0,89.2,0.0,0.0
2023-05-13,50-64,425159,0,0,>90,0.0,0.0
2023-05-13,65+,460042,0,0,>90,0.0,0.0
2023-05-20,0-17,263655,0,0,52.0,0.0,0.0
2023-05-20,18-29,298486,0,0,>90,0.0,0.0
2023-05-20,30-49,520348,0,0,89.2,0.0,0.0
2023-05-20,50-64,425198,0,0,>90,0.0,0.0
2023-05-20,65+,460139,0,0,>90,0.0,0.0
2023-05-27,0-17,263730,0,0,52.0,0.0,0.0
2023-05-27,18-29,298540,0,0,>90,0.0,0.0
2023-05-27,30-49,520420,0,0,89.2,0.0,0.0
2023-05-27,50-64,425239,0,0,>90,0.0,0.0
2023-05-27,65+,460222,0,0,>90,0.0,0.0
2023-06-03,0-17,263788,0,0,52.0,0.0,0.0
2023-06-03,18-29,298584,0,0,>90,0.0,0.0
2023-06-03,30-49,520481,0,0,89.2,0.0,0.0
2023-06-03,50-64,425267,0,0,>90,0.0,0.0
2023-06-03,65+,460274,0,0,>90,0.0,0.0
2023-06-10,0-17,263875,0,0,52.1,0.0,0.0
2023-06-10,18-29,298645,0,0,>90,0.0,0.0
2023-06-10,30-49,520537,0,0,89.2,0.0,0.0
2023-06-10,50-64,425296,0,0,>90,0.0,0.0
2023-06-10,65+,460321,0,0,>90,0.0,0.0
2023-06-17,0-17,263961,0,0,52.1,0.0,0.0
2023-06-17,18-29,298689,0,0,>90,0.0,0.0
2023-06-17,30-49,520602,0,0,89.2,0.0,0.0
2023-06-17,50-64,425334,0,0,>90,0.0,0.0
2023-06-17,65+,460364,0,0,>90,0.0,0.0
2023-06-24,0-17,264049,0,0,52.1,0.0,0.0
2023-06-24,18-29,298733,0,0,>90,0.0,0.0
2023-06-24,30-49,520671,0,0,89.3,0.0,0.0
2023-06-24,50-64,425366,0,0,>90,0.0,0.0
2023-06-24,65+,460424,0,0,>90,0.0,0.0
2023-07-01,0-17,264145,0,0,52.1,0.0,0.0
2023-07-01,18-29,298788,0,0,>90,0.0,0.0
2023-07-01,30-49,520728,0,0,89.3,0.0,0.0
2023-07-01,50-64,425409,0,0,>90,0.0,0.0
2023-07-01,65+,460454,0,0,>90,0.0,0.0
2023-07-08,0-17,264218,0,0,52.1,0.0,0.0
2023-07-08,18-29,298836,0,0,>90,0.0,0.0
2023-07-08,30-49,520781,0,0,89.3,0.0,0.0
2023-07-08,50-64,425428,0,0,>90,0.0,0.0
2023-07-08,65+,460486,0,0,>90,0.0,0.0
2023-07-15,0-17,264301,0,0,52.2,0.0,0.0
2023-07-15,18-29,298879,0,0,>90,0.0,0.0
2023-07-15,30-49,520835,0,0,89.3,0.0,0.0
2023-07-15,50-64,425442,0,0,>90,0.0,0.0
2023-07-15,65+,460515,0,0,>90,0.0,0.0
2023-07-22,0-17,264393,0,0,52.2,0.0,0.0
2023-07-22,18-29,298928,0,0,>90,0.0,0.0
2023-07-22,30-49,520900,0,0,89.3,0.0,0.0
2023-07-22,50-64,425463,0,0,>90,0.0,0.0
2023-07-22,65+,460536,0,0,>90,0.0,0.0
2023-07-29,0-17,264490,0,0,52.2,0.0,0.0
2023-07-29,18-29,298971,0,0,>90,0.0,0.0
2023-07-29,30-49,520955,0,0,89.3,0.0,0.0
2023-07-29,50-64,425481,0,0,>90,0.0,0.0
2023-07-29,65+,460570,0,0,>90,0.0,0.0
2023-08-05,0-17,264597,0,0,52.2,0.0,0.0
2023-08-05,18-29,299014,0,0,>90,0.0,0.0
2023-08-05,30-49,521011,0,0,89.3,0.0,0.0
2023-08-05,50-64,425509,0,0,>90,0.0,0.0
2023-08-05,65+,460605,0,0,>90,0.0,0.0
2023-08-12,0-17,264700,0,0,52.2,0.0,0.0
2023-08-12,18-29,299057,0,0,>90,0.0,0.0
2023-08-12,30-49,521058,0,0,89.3,0.0,0.0
2023-08-12,50-64,425541,0,0,>90,0.0,0.0
2023-08-12,65+,460636,0,0,>90,0.0,0.0
2023-08-19,0-17,264812,0,0,52.3,0.0,0.0
2023-08-19,18-29,299109,0,0,>90,0.0,0.0
2023-08-19,30-49,521100,0,0,89.3,0.0,0.0
2023-08-19,50-64,425572,0,0,>90,0.0,0.0
2023-08-19,65+,460670,0,0,>90,0.0,0.0
2023-08-26,0-17,264919,0,0,52.3,0.0,0.0
2023-08-26,18-29,299147,0,0,>90,0.0,0.0
2023-08-26,30-49,521158,0,0,89.3,0.0,0.0
2023-08-26,50-64,425606,0,0,>90,0.0,0.0
2023-08-26,65+,460695,0,0,>90,0.0,0.0
2023-09-02,0-17,264996,0,0,52.3,0.0,0.0
2023-09-02,18-29,299187,0,0,>90,0.0,0.0
2023-09-02,30-49,521213,0,0,89.3,0.0,0.0
2023-09-02,50-64,425630,0,0,>90,0.0,0.0
2023-09-02,65+,460743,0,0,>90,0.0,0.0
2023-09-09,0-17,265076,0,0,52.3,0.0,0.0
2023-09-09,18-29,299228,0,0,>90,0.0,0.0
2023-09-09,30-49,521269,0,0,89.4,0.0,0.0
2023-09-09,50-64,425660,0,0,>90,0.0,0.0
2023-09-09,65+,460771,0,0,>90,0.0,0.0
2023-09-16,0-17,265108,0,0,52.3,0.0,0.0
2023-09-16,18-29,299251,0,0,>90,0.0,0.0
2023-09-16,30-49,521300,0,0,89.4,0.0,0.0
2023-09-16,50-64,425690,0,0,>90,0.0,0.0
2023-09-16,65+,460803,0,0,>90,0.0,0.0
2023-09-23,0-17,265134,0,0,52.3,0.0,0.0
2023-09-23,18-29,299365,0,0,>90,0.0,0.0
2023-09-23,30-49,521633,0,0,89.4,0.0,0.0
2023-09-23,50-64,425907,0,0,>90,0.0,0.0
2023-09-23,65+,461211,0,0,>90,0.0,0.0
2023-09-30,0-17,265197,0,0,52.3,0.0,0.0
2023-09-30,18-29,299506,0,0,>90,0.0,0.0
2023-09-30,30-49,522034,0,0,89.5,0.0,0.0
2023-09-30,50-64,426205,0,0,>90,0.0,0.0
2023-09-30,65+,461783,0,0,>90,0.0,0.0
2023-10-07,0-17,265318,0,0,52.4,0.0,0.0
2023-10-07,18-29,299693,0,0,>90,0.0,0.0
2023-10-07,30-49,522562,0,0,89.6,0.0,0.0
2023-10-07,50-64,426566,0,0,>90,0.0,0.0
2023-10-07,65+,462438,0,0,>90,0.0,0.0
2023-10-14,0-17,265545,0,0,52.4,0.0,0.0
2023-10-14,18-29,299866,0,0,>90,0.0,0.0
2023-10-14,30-49,523077,0,0,89.7,0.0,0.0
2023-10-14,50-64,426930,0,0,>90,0.0,0.0
2023-10-14,65+,463027,0,0,>90,0.0,0.0
2023-10-21,0-17,265831,0,0,52.5,0.0,0.0
2023-10-21,18-29,300034,0,0,>90,0.0,0.0
2023-10-21,30-49,523577,0,0,89.8,0.0,0.0
2023-10-21,50-64,427247,0,0,>90,0.0,0.0
2023-10-21,65+,463606,0,0,>90,0.0,0.0
2023-10-28,0-17,266137,0,0,52.5,0.0,0.0
2023-10-28,18-29,300172,0,0,>90,0.0,0.0
2023-10-28,30-49,524010,0,0,89.8,0.0,0.0
2023-10-28,50-64,427525,0,0,>90,0.0,0.0
2023-10-28,65+,464069,0,0,>90,0.0,0.0
2023-11-04,0-17,266474,0,0,52.6,0.0,0.0
2023-11-04,18-29,300331,0,0,>90,0.0,0.0
2023-11-04,30-49,524467,0,0,89.9,0.0,0.0
2023-11-04,50-64,427824,0,0,>90,0.0,0.0
2023-11-04,65+,464479,0,0,>90,0.0,0.0
2023-11-11,0-17,266834,0,0,52.7,0.0,0.0
2023-11-11,18-29,300498,0,0,>90,0.0,0.0
2023-11-11,30-49,524858,0,0,90.0,0.0,0.0
2023-11-11,50-64,428065,0,0,>90,0.0,0.0
2023-11-11,65+,464798,0,0,>90,0.0,0.0
2023-11-18,0-17,267155,0,0,52.7,0.0,0.0
2023-11-18,18-29,300627,0,0,>90,0.0,0.0
2023-11-18,30-49,525224,0,0,90.0,0.0,0.0
2023-11-18,50-64,428296,0,0,>90,0.0,0.0
2023-11-18,65+,465178,0,0,>90,0.0,0.0
2023-11-25,0-17,267351,0,0,52.8,0.0,0.0
2023-11-25,18-29,300739,0,0,>90,0.0,0.0
2023-11-25,30-49,525443,0,0,>90,0.0,0.0
2023-11-25,50-64,428449,0,0,>90,0.0,0.0
2023-11-25,65+,465380,0,0,>90,0.0,0.0
2023-12-02,0-17,267647,0,0,52.8,0.0,0.0
2023-12-02,18-29,300854,0,0,>90,0.0,0.0
2023-12-02,30-49,525691,0,0,>90,0.0,0.0
2023-12-02,50-64,428639,0,0,>90,0.0,0.0
2023-12-02,65+,465643,0,0,>90,0.0,0.0
2023-12-09,0-17,267964,0,0,52.9,0.0,0.0
2023-12-09,18-29,300960,0,0,>90,0.0,0.0
2023-12-09,30-49,525936,0,0,>90,0.0,0.0
2023-12-09,50-64,428821,0,0,>90,0.0,0.0
2023-12-09,65+,465895,0,0,>90,0.0,0.0
2023-12-16,0-17,268246,0,0,52.9,0.0,0.0
2023-12-16,18-29,301059,0,0,>90,0.0,0.0
2023-12-16,30-49,526184,0,0,>90,0.0,0.0
2023-12-16,50-64,428981,0,0,>90,0.0,0.0
2023-12-16,65+,466117,0,0,>90,0.0,0.0
2023-12-23,0-17,268488,0,0,53.0,0.0,0.0
2023-12-23,18-29,301189,0,0,>90,0.0,0.0
2023-12-23,30-49,526441,0,0,>90,0.0,0.0
2023-12-23,50-64,429176,0,0,>90,0.0,0.0
2023-12-23,65+,466329,0,0,>90,0.0,0.0
2023-12-30,0-17,268665,0,0,53.0,0.0,0.0
2023-12-30,18-29,301290,0,0,>90,0.0,0.0
2023-12-30,30-49,526589,0,0,>90,0.0,0.0
2023-12-30,50-64,429294,0,0,>90,0.0,0.0
2023-12-30,65+,466469,0,0,>90,0.0,0.0
2024-01-06,0-17,268844,0,0,53.0,0.0,0.0
2024-01-06,18-29,301419,0,0,>90,0.0,0.0
2024-01-06,30-49,526751,0,0,>90,0.0,0.0
2024-01-06,50-64,429404,0,0,>90,0.0,0.0
2024-01-06,65+,466571,0,0,>90,0.0,0.0
2024-01-13,0-17,269025,0,0,53.1,0.0,0.0
2024-01-13,18-29,301514,0,0,>90,0.0,0.0
2024-01-13,30-49,526911,0,0,>90,0.0,0.0
2024-01-13,50-64,429508,0,0,>90,0.0,0.0
2024-01-13,65+,466670,0,0,>90,0.0,0.0
2024-01-20,0-17,269226,0,0,53.1,0.0,0.0
2024-01-20,18-29,301586,0,0,>90,0.0,0.0
2024-01-20,30-49,527050,0,0,>90,0.0,0.0
2024-01-20,50-64,429587,0,0,>90,0.0,0.0
2024-01-20,65+,466778,0,0,>90,0.0,0.0
2024-01-27,0-17,269401,0,0,53.2,0.0,0.0
2024-01-27,18-29,301657,0,0,>90,0.0,0.0
2024-01-27,30-49,527167,0,0,>90,0.0,0.0
2024-01-27,50-64,429657,0,0,>90,0.0,0.0
2024-01-27,65+,466895,0,0,>90,0.0,0.0
2024-02-03,0-17,269589,0,0,53.2,0.0,0.0
2024-02-03,18-29,301735,0,0,>90,0.0,0.0
2024-02-03,30-49,527297,0,0,>90,0.0,0.0
2024-02-03,50-64,429746,0,0,>90,0.0,0.0
2024-02-03,65+,466974,0,0,>90,0.0,0.0
2024-02-10,0-17,269732,0,0,53.2,0.0,0.0
2024-02-10,18-29,301784,0,0,>90,0.0,0.0
2024-02-10,30-49,527399,0,0,>90,0.0,0.0
2024-02-10,50-64,429802,0,0,>90,0.0,0.0
2024-02-10,65+,467035,0,0,>90,0.0,0.0
2024-02-17,0-17,269868,0,0,53.2,0.0,0.0
2024-02-17,18-29,301815,0,0,>90,0.0,0.0
2024-02-17,30-49,527491,0,0,>90,0.0,0.0
2024-02-17,50-64,429855,0,0,>90,0.0,0.0
2024-02-17,65+,467091,0,0,>90,0.0,0.0
2024-02-24,0-17,269996,0,0,53.3,0.0,0.0
2024-02-24,18-29,301862,0,0,>90,0.0,0.0
2024-02-24,30-49,527570,0,0,>90,0.0,0.0
2024-02-24,50-64,429903,0,0,>90,0.0,0.0
2024-02-24,65+,467136,0,0,>90,0.0,0.0
2024-03-02,0-17,270114,0,0,53.3,0.0,0.0
2024-03-02,18-29,301907,0,0,>90,0.0,0.0
2024-03-02,30-49,527657,0,0,>90,0.0,0.0
2024-03-02,50-64,429940,0,0,>90,0.0,0.0
2024-03-02,65+,467187,0,0,>90,0.0,0.0
2024-03-09,0-17,270254,0,0,53.3,0.0,0.0
2024-03-09,18-29,301948,0,0,>90,0.0,0.0
2024-03-09,30-49,527732,0,0,>90,0.0,0.0
2024-03-09,50-64,429978,0,0,>90,0.0,0.0
2024-03-09,65+,467241,0,0,>90,0.0,0.0
2024-03-16,0-17,270358,0,0,53.3,0.0,0.0
2024-03-16,18-29,301979,0,0,>90,0.0,0.0
2024-03-16,30-49,527806,0,0,>90,0.0,0.0
2024-03-16,50-64,430013,0,0,>90,0.0,0.0
2024-03-16,65+,467289,0,0,>90,0.0,0.0
2024-03-23,0-17,270472,0,0,53.4,0.0,0.0
2024-03-23,18-29,302021,0,0,>90,0.0,0.0
2024-03-23,30-49,527872,0,0,>90,0.0,0.0
2024-03-23,50-64,430054,0,0,>90,0.0,0.0
2024-03-23,65+,467336,0,0,>90,0.0,0.0
2024-03-30,0-17,270571,0,0,53.4,0.0,0.0
2024-03-30,18-29,302064,0,0,>90,0.0,0.0
2024-03-30,30-49,527925,0,0,>90,0.0,0.0
2024-03-30,50-64,430094,0,0,>90,0.0,0.0
2024-03-30,65+,467375,0,0,>90,0.0,0.0
2024-04-06,0-17,270699,0,0,53.4,0.0,0.0
2024-04-06,18-29,302096,0,0,>90,0.0,0.0
2024-04-06,30-49,527980,0,0,>90,0.0,0.0
2024-04-06,50-64,430126,0,0,>90,0.0,0.0
2024-04-06,65+,467411,0,0,>90,0.0,0.0
2024-04-13,0-17,270790,0,0,53.4,0.0,0.0
2024-04-13,18-29,302121,0,0,>90,0.0,0.0
2024-04-13,30-49,528023,0,0,>90,0.0,0.0
2024-04-13,50-64,430153,0,0,>90,0.0,0.0
2024-04-13,65+,467468,0,0,>90,0.0,0.0
2024-04-20,0-17,270874,0,0,53.4,0.0,0.0
2024-04-20,18-29,302153,0,0,>90,0.0,0.0
2024-04-20,30-49,528083,0,0,>90,0.0,0.0
2024-04-20,50-64,430183,0,0,>90,0.0,0.0
2024-04-20,65+,467548,0,0,>90,0.0,0.0
2024-04-27,0-17,270946,0,0,53.5,0.0,0.0
2024-04-27,18-29,302193,0,0,>90,0.0,0.0
2024-04-27,30-49,528146,0,0,>90,0.0,0.0
2024-04-27,50-64,430211,0,0,>90,0.0,0.0
2024-04-27,65+,467606,0,0,>90,0.0,0.0
2024-05-04,0-17,271008,0,0,53.5,0.0,0.0
2024-05-04,18-29,302224,0,0,>90,0.0,0.0
2024-05-04,30-49,528190,0,0,>90,0.0,0.0
2024-05-04,50-64,430241,0,0,>90,0.0,0.0
2024-05-04,65+,467672,0,0,>90,0.0,0.0
2024-05-11,0-17,271069,0,0,53.5,0.0,0.0
2024-05-11,18-29,302254,0,0,>90,0.0,0.0
2024-05-11,30-49,528227,0,0,>90,0.0,0.0
2024-05-11,50-64,430266,0,0,>90,0.0,0.0
2024-05-11,65+,467724,0,0,>90,0.0,0.0
2024-05-18,0-17,271115,0,0,53.5,0.0,0.0
2024-05-18,18-29,302286,0,0,>90,0.0,0.0
2024-05-18,30-49,528274,0,0,>90,0.0,0.0
2024-05-18,50-64,430291,0,0,>90,0.0,0.0
2024-05-18,65+,467772,0,0,>90,0.0,0.0
2024-05-25,0-17,271177,0,0,53.5,0.0,0.0
2024-05-25,18-29,302319,0,0,>90,0.0,0.0
2024-05-25,30-49,528311,0,0,>90,0.0,0.0
2024-05-25,50-64,430306,0,0,>90,0.0,0.0
2024-05-25,65+,467818,0,0,>90,0.0,0.0
2024-06-01,0-17,271216,0,0,53.5,0.0,0.0
2024-06-01,18-29,302340,0,0,>90,0.0,0.0
2024-06-01,30-49,528346,0,0,>90,0.0,0.0
2024-06-01,50-64,430323,0,0,>90,0.0,0.0
2024-06-01,65+,467853,0,0,>90,0.0,0.0
2024-06-08,0-17,271256,0,0,53.5,0.0,0.0
2024-06-08,18-29,302376,0,0,>90,0.0,0.0
2024-06-08,30-49,528386,0,0,>90,0.0,0.0
2024-06-08,50-64,430342,0,0,>90,0.0,0.0
2024-06-08,65+,467890,0,0,>90,0.0,0.0
2024-06-15,0-17,271312,0,0,53.5,0.0,0.0
2024-06-15,18-29,302410,0,0,>90,0.0,0.0
2024-06-15,30-49,528439,0,0,>90,0.0,0.0
2024-06-15,50-64,430368,0,0,>90,0.0,0.0
2024-06-15,65+,467930,0,0,>90,0.0,0.0
2024-06-22,0-17,271340,0,0,53.5,0.0,0.0
2024-06-22,18-29,302441,0,0,>90,0.0,0.0
2024-06-22,30-49,528477,0,0,>90,0.0,0.0
2024-06-22,50-64,430381,0,0,>90,0.0,0.0
2024-06-22,65+,467965,0,0,>90,0.0,0.0
2024-06-29,0-17,271366,0,0,53.5,0.0,0.0
2024-06-29,18-29,302473,0,0,>90,0.0,0.0
2024-06-29,30-49,528513,0,0,>90,0.0,0.0
2024-06-29,50-64,430403,0,0,>90,0.0,0.0
2024-06-29,65+,467995,0,0,>90,0.0,0.0
2024-07-06,0-17,271392,0,0,53.6,0.0,0.0
2024-07-06,18-29,302497,0,0,>90,0.0,0.0
2024-07-06,30-49,528541,0,0,>90,0.0,0.0
2024-07-06,50-64,430423,0,0,>90,0.0,0.0
2024-07-06,65+,468026,0,0,>90,0.0,0.0
2024-07-13,0-17,271428,0,0,53.6,0.0,0.0
2024-07-13,18-29,302521,0,0,>90,0.0,0.0
2024-07-13,30-49,528580,0,0,>90,0.0,0.0
2024-07-13,50-64,430429,0,0,>90,0.0,0.0
2024-07-13,65+,468052,0,0,>90,0.0,0.0
2024-07-20,0-17,271456,0,0,53.6,0.0,0.0
2024-07-20,18-29,302541,0,0,>90,0.0,0.0
2024-07-20,30-49,528610,0,0,>90,0.0,0.0
2024-07-20,50-64,430441,0,0,>90,0.0,0.0
2024-07-20,65+,468065,0,0,>90,0.0,0.0
2024-07-27,0-17,271475,0,0,53.6,0.0,0.0
2024-07-27,18-29,302563,0,0,>90,0.0,0.0
2024-07-27,30-49,528635,0,0,>90,0.0,0.0
2024-07-27,50-64,430446,0,0,>90,0.0,0.0
2024-07-27,65+,468088,0,0,>90,0.0,0.0
2024-08-03,0-17,271493,0,0,53.6,0.0,0.0
2024-08-03,18-29,302573,0,0,>90,0.0,0.0
2024-08-03,30-49,528655,0,0,>90,0.0,0.0
2024-08-03,50-64,430455,0,0,>90,0.0,0.0
2024-08-03,65+,468100,0,0,>90,0.0,0.0
2024-08-10,0-17,271511,0,0,53.6,0.0,0.0
2024-08-10,18-29,302589,0,0,>90,0.0,0.0
2024-08-10,30-49,528682,0,0,>90,0.0,0.0
2024-08-10,50-64,430466,0,0,>90,0.0,0.0
2024-08-10,65+,468122,0,0,>90,0.0,0.0
2024-08-17,0-17,271522,0,0,53.6,0.0,0.0
2024-08-17,18-29,302610,0,0,>90,0.0,0.0
2024-08-17,30-49,528715,0,0,>90,0.0,0.0
2024-08-17,50-64,430482,0,0,>90,0.0,0.0
2024-08-17,65+,468130,0,0,>90,0.0,0.0
2024-08-24,0-17,271541,0,0,53.6,0.0,0.0
2024-08-24,18-29,302621,0,0,>90,0.0,0.0
2024-08-24,30-49,528733,0,0,>90,0.0,0.0
2024-08-24,50-64,430500,0,0,>90,0.0,0.0
2024-08-24,65+,468160,0,0,>90,0.0,0.0
2024-08-31,0-17,271561,0,0,53.6,0.0,0.0
2024-08-31,18-29,302667,0,0,>90,0.0,0.0
2024-08-31,30-49,528822,0,0,>90,0.0,0.0
2024-08-31,50-64,430552,0,0,>90,0.0,0.0
2024-08-31,65+,468268,0,0,>90,0.0,0.0
2024-09-07,0-17,271581,0,0,53.6,0.0,0.0
2024-09-07,18-29,302747,0,0,>90,0.0,0.0
2024-09-07,30-49,529040,0,0,>90,0.0,0.0
2024-09-07,50-64,430682,0,0,>90,0.0,0.0
2024-09-07,65+,468525,0,0,>90,0.0,0.0
2024-09-14,0-17,271646,0,0,53.6,0.0,0.0
2024-09-14,18-29,302862,0,0,>90,0.0,0.0
2024-09-14,30-49,529272,0,0,>90,0.0,0.0
2024-09-14,50-64,430850,0,0,>90,0.0,0.0
2024-09-14,65+,468831,0,0,>90,0.0,0.0
2024-09-21,0-17,271768,0,0,53.6,0.0,0.0
2024-09-21,18-29,302957,0,0,>90,0.0,0.0
2024-09-21,30-49,529592,0,0,>90,0.0,0.0
2024-09-21,50-64,431035,0,0,>90,0.0,0.0
2024-09-21,65+,469199,0,0,>90,0.0,0.0
2024-09-28,0-17,271973,0,0,53.7,0.0,0.0
2024-09-28,18-29,303086,0,0,>90,0.0,0.0
2024-09-28,30-49,529929,0,0,>90,0.0,0.0
2024-09-28,50-64,431255,0,0,>90,0.0,0.0
2024-09-28,65+,469676,0,0,>90,0.0,0.0
2024-10-05,0-17,272274,0,0,53.7,0.0,0.0
2024-10-05,18-29,303268,0,0,>90,0.0,0.0
2024-10-05,30-49,530362,0,0,>90,0.0,0.0
2024-10-05,50-64,431541,0,0,>90,0.0,0.0
2024-10-05,65+,470172,0,0,>90,0.0,0.0
2024-10-12,0-17,272600,0,0,53.8,0.0,0.0
2024-10-12,18-29,303413,0,0,>90,0.0,0.0
2024-10-12,30-49,530791,0,0,>90,0.0,0.0
2024-10-12,50-64,431794,0,0,>90,0.0,0.0
2024-10-12,65+,470720,0,0,>90,0.0,0.0
2024-10-19,0-17,272957,0,0,53.9,0.0,0.0
2024-10-19,18-29,303564,0,0,>90,0.0,0.0
2024-10-19,30-49,531202,0,0,>90,0.0,0.0
2024-10-19,50-64,432083,0,0,>90,0.0,0.0
2024-10-19,65+,471212,0,0,>90,0.0,0.0
2024-10-26,0-17,273300,0,0,53.9,0.0,0.0
2024-10-26,18-29,303698,0,0,>90,0.0,0.0
2024-10-26,30-49,531597,0,0,>90,0.0,0.0
2024-10-26,50-64,432313,0,0,>90,0.0,0.0
2024-10-26,65+,471632,0,0,>90,0.0,0.0
2024-11-02,0-17,273624,0,0,54.0,0.0,0.0
2024-11-02,18-29,303834,0,0,>90,0.0,0.0
2024-11-02,30-49,531947,0,0,>90,0.0,0.0
2024-11-02,50-64,432546,0,0,>90,0.0,0.0
2024-11-02,65+,471966,0,0,>90,0.0,0.0
2024-11-09,0-17,274008,0,0,54.1,0.0,0.0
2024-11-09,18-29,303988,0,0,>90,0.0,0.0
2024-11-09,30-49,532340,0,0,>90,0.0,0.0
2024-11-09,50-64,432754,0,0,>90,0.0,0.0
2024-11-09,65+,472255,0,0,>90,0.0,0.0
2024-11-16,0-17,274296,0,0,54.1,0.0,0.0
2024-11-16,18-29,304113,0,0,>90,0.0,0.0
2024-11-16,30-49,532681,0,0,>90,0.0,0.0
2024-11-16,50-64,432963,0,0,>90,0.0,0.0
2024-11-16,65+,472552,0,0,>90,0.0,0.0
2024-11-23,0-17,274574,0,0,54.2,0.0,0.0
2024-11-23,18-29,304244,0,0,>90,0.0,0.0
2024-11-23,30-49,533009,0,0,>90,0.0,0.0
2024-11-23,50-64,433117,0,0,>90,0.0,0.0
2024-11-23,65+,472759,0,0,>90,0.0,0.0
2024-11-30,0-17,274763,0,0,54.2,0.0,0.0
2024-11-30,18-29,304325,0,0,>90,0.0,0.0
2024-11-30,30-49,533222,0,0,>90,0.0,0.0
2024-11-30,50-64,433244,0,0,>90,0.0,0.0
2024-11-30,65+,472881,0,0,>90,0.0,0.0
2024-12-07,0-17,275011,0,0,54.3,0.0,0.0
2024-12-07,18-29,304398,0,0,>90,0.0,0.0
2024-12-07,30-49,533411,0,0,>90,0.0,0.0
2024-12-07,50-64,433365,0,0,>90,0.0,0.0
2024-12-07,65+,473026,0,0,>90,0.0,0.0
2024-12-14,0-17,275224,0,0,54.3,0.0,0.0
2024-12-14,18-29,304499,0,0,>90,0.0,0.0
2024-12-14,30-49,533606,0,0,>90,0.0,0.0
2024-12-14,50-64,433485,0,0,>90,0.0,0.0
2024-12-14,65+,473150,0,0,>90,0.0,0.0
2024-12-21,0-17,275430,0,0,54.3,0.0,0.0
2024-12-21,18-29,304590,0,0,>90,0.0,0.0
2024-12-21,30-49,533814,0,0,>90,0.0,0.0
2024-12-21,50-64,433592,0,0,>90,0.0,0.0
2024-12-21,65+,473269,0,0,>90,0.0,0.0
2024-12-28,0-17,275534,0,0,54.4,0.0,0.0
2024-12-28,18-29,304652,0,0,>90,0.0,0.0
2024-12-28,30-49,533923,0,0,>90,0.0,0.0
2024-12-28,50-64,433658,0,0,>90,0.0,0.0
2024-12-28,65+,473314,0,0,>90,0.0,0.0
2025-01-04,0-17,275646,0,0,54.4,0.0,0.0
2025-01-04,18-29,304698,0,0,>90,0.0,0.0
2025-01-04,30-49,534035,0,0,>90,0.0,0.0
2025-01-04,50-64,433735,0,0,>90,0.0,0.0
2025-01-04,65+,473368,0,0,>90,0.0,0.0
2025-01-11,0-17,275807,0,0,54.4,0.0,0.0
2025-01-11,18-29,304772,0,0,>90,0.0,0.0
2025-01-11,30-49,534215,0,0,>90,0.0,0.0
2025-01-11,50-64,433829,0,0,>90,0.0,0.0
2025-01-11,65+,473462,0,0,>90,0.0,0.0
2025-01-18,0-17,275951,0,0,54.4,0.0,0.0
2025-01-18,18-29,304855,0,0,>90,0.0,0.0
2025-01-18,30-49,534369,0,0,>90,0.0,0.0
2025-01-18,50-64,433928,0,0,>90,0.0,0.0
2025-01-18,65+,473547,0,0,>90,0.0,0.0
2025-01-25,0-17,276065,0,0,54.5,0.0,0.0
2025-01-25,18-29,304918,0,0,>90,0.0,0.0
2025-01-25,30-49,534486,0,0,>90,0.0,0.0
2025-01-25,50-64,433991,0,0,>90,0.0,0.0
2025-01-25,65+,473591,0,0,>90,0.0,0.0
2025-02-01,0-17,276176,0,0,54.5,0.0,0.0
2025-02-01,18-29,304986,0,0,>90,0.0,0.0
2025-02-01,30-49,534593,0,0,>90,0.0,0.0
2025-02-01,50-64,434041,0,0,>90,0.0,0.0
2025-02-01,65+,473647,0,0,>90,0.0,0.0
2025-02-08,0-17,276281,0,0,54.5,0.0,0.0
2025-02-08,18-29,305025,0,0,>90,0.0,0.0
2025-02-08,30-49,534677,0,0,>90,0.0,0.0
2025-02-08,50-64,434096,0,0,>90,0.0,0.0
2025-02-08,65+,473695,0,0,>90,0.0,0.0
2025-02-15,0-17,276387,0,0,54.5,0.0,0.0
2025-02-15,18-29,305061,0,0,>90,0.0,0.0
2025-02-15,30-49,534733,0,0,>90,0.0,0.0
2025-02-15,50-64,434144,0,0,>90,0.0,0.0
2025-02-15,65+,473725,0,0,>90,0.0,0.0
2025-02-22,0-17,276463,0,0,54.6,0.0,0.0
2025-02-22,18-29,305095,0,0,>90,0.0,0.0
2025-02-22,30-49,534793,0,0,>90,0.0,0.0
2025-02-22,50-64,434183,0,0,>90,0.0,0.0
2025-02-22,65+,473758,0,0,>90,0.0,0.0
2025-03-01,0-17,276536,0,0,54.6,0.0,0.0
2025-03-01,18-29,305124,0,0,>90,0.0,0.0
2025-03-01,30-49,534848,0,0,>90,0.0,0.0
2025-03-01,50-64,434218,0,0,>90,0.0,0.0
2025-03-01,65+,473792,0,0,>90,0.0,0.0
2025-03-08,0-17,276608,0,0,54.6,0.0,0.0
2025-03-08,18-29,305164,0,0,>90,0.0,0.0
2025-03-08,30-49,534899,0,0,>90,0.0,0.0
2025-03-08,50-64,434249,0,0,>90,0.0,0.0
2025-03-08,65+,473831,0,0,>90,0.0,0.0
2025-03-15,0-17,276668,0,0,54.6,0.0,0.0
2025-03-15,18-29,305190,0,0,>90,0.0,0.0
2025-03-15,30-49,534931,0,0,>90,0.0,0.0
2025-03-15,50-64,434272,0,0,>90,0.0,0.0
2025-03-15,65+,473879,0,0,>90,0.0,0.0
2025-03-22,0-17,276750,0,0,54.6,0.0,0.0
2025-03-22,18-29,305214,0,0,>90,0.0,0.0
2025-03-22,30-49,534965,0,0,>90,0.0,0.0
2025-03-22,50-64,434303,0,0,>90,0.0,0.0
2025-03-22,65+,473910,0,0,>90,0.0,0.0
2025-03-29,0-17,276818,0,0,54.6,0.0,0.0
2025-03-29,18-29,305241,0,0,>90,0.0,0.0
2025-03-29,30-49,535004,0,0,>90,0.0,0.0
2025-03-29,50-64,434323,0,0,>90,0.0,0.0
2025-03-29,65+,473960,0,0,>90,0.0,0.0
2025-04-05,0-17,276877,0,0,54.6,0.0,0.0
2025-04-05,18-29,305258,0,0,>90,0.0,0.0
2025-04-05,30-49,535032,0,0,>90,0.0,0.0
2025-04-05,50-64,434343,0,0,>90,0.0,0.0
2025-04-05,65+,474005,0,0,>90,0.0,0.0
2025-04-12,0-17,276910,0,0,54.6,0.0,0.0
2025-04-12,18-29,305281,0,0,>90,0.0,0.0
2025-04-12,30-49,535054,0,0,>90,0.0,0.0
2025-04-12,50-64,434364,0,0,>90,0.0,0.0
2025-04-12,65+,474055,0,0,>90,0.0,0.0
2025-04-19,0-17,276949,0,0,54.6,0.0,0.0
2025-04-19,18-29,305299,0,0,>90,0.0,0.0
2025-04-19,30-49,535081,0,0,>90,0.0,0.0
2025-04-19,50-64,434382,0,0,>90,0.0,0.0
2025-04-19,65+,474094,0,0,>90,0.0,0.0
2025-04-26,0-17,276978,0,0,54.7,0.0,0.0
2025-04-26,18-29,305316,0,0,>90,0.0,0.0
2025-04-26,30-49,535113,0,0,>90,0.0,0.0
2025-04-26,50-64,434394,0,0,>90,0.0,0.0
2025-04-26,65+,474162,0,0,>90,0.0,0.0
2025-05-03,0-17,276998,0,0,54.7,0.0,0.0
2025-05-03,18-29,305327,0,0,>90,0.0,0.0
2025-05-03,30-49,535143,0,0,>90,0.0,0.0
2025-05-03,50-64,434413,0,0,>90,0.0,0.0
2025-05-03,65+,474229,0,0,>90,0.0,0.0
2025-05-10,0-17,277026,0,0,54.7,0.0,0.0
2025-05-10,18-29,305342,0,0,>90,0.0,0.0
2025-05-10,30-49,535168,0,0,>90,0.0,0.0
2025-05-10,50-64,434426,0,0,>90,0.0,0.0
2025-05-10,65+,474258,0,0,>90,0.0,0.0
2025-05-17,0-17,277049,0,0,54.7,0.0,0.0
2025-05-17,18-29,305354,0,0,>90,0.0,0.0
2025-05-17,30-49,535185,0,0,>90,0.0,0.0
2025-05-17,50-64,434432,0,0,>90,0.0,0.0
2025-05-17,65+,474283,0,0,>90,0.0,0.0
2025-05-24,0-17,277076,0,0,54.7,0.0,0.0
2025-05-24,18-29,305374,0,0,>90,0.0,0.0
2025-05-24,30-49,535206,0,0,>90,0.0,0.0
2025-05-24,50-64,434443,0,0,>90,0.0,0.0
2025-05-24,65+,474300,0,0,>90,0.0,0.0
2025-05-31,0-17,277099,0,0,54.7,0.0,0.0
2025-05-31,18-29,305386,0,0,>90,0.0,0.0
2025-05-31,30-49,535226,0,0,>90,0.0,0.0
2025-05-31,50-64,434451,0,0,>90,0.0,0.0
2025-05-31,65+,474325,0,0,>90,0.0,0.0
2025-06-07,0-17,277117,0,0,54.7,0.0,0.0
2025-06-07,18-29,305401,0,0,>90,0.0,0.0
2025-06-07,30-49,535242,0,0,>90,0.0,0.0
2025-06-07,50-64,434460,0,0,>90,0.0,0.0
2025-06-07,65+,474344,0,0,>90,0.0,0.0
2025-06-14,0-17,277132,0,0,54.7,0.0,0.0
2025-06-14,18-29,305417,0,0,>90,0.0,0.0
2025-06-14,30-49,535262,0,0,>90,0.0,0.0
2025-06-14,50-64,434474,0,0,>90,0.0,0.0
2025-06-14,65+,474361,0,0,>90,0.0,0.0
2025-06-21,0-17,277141,0,0,54.7,0.0,0.0
2025-06-21,18-29,305436,0,0,>90,0.0,0.0
2025-06-21,30-49,535276,0,0,>90,0.0,0.0
2025-06-21,50-64,434479,0,0,>90,0.0,0.0
2025-06-21,65+,474388,0,0,>90,0.0,0.0
2025-06-28,0-17,277151,0,0,54.7,0.0,0.0
2025-06-28,18-29,305456,0,0,>90,0.0,0.0
2025-06-28,30-49,535298,0,0,>90,0.0,0.0
2025-06-28,50-64,434483,0,0,>90,0.0,0.0
2025-06-28,65+,474409,0,0,>90,0.0,0.0
2025-07-05,0-17,277160,0,0,54.7,0.0,0.0
2025-07-05,18-29,305468,0,0,>90,0.0,0.0
2025-07-05,30-49,535307,0,0,>90,0.0,0.0
2025-07-05,50-64,434493,0,0,>90,0.0,0.0
2025-07-05,65+,474424,0,0,>90,0.0,0.0
2025-07-12,0-17,277179,0,0,54.7,0.0,0.0
2025-07-12,18-29,305484,0,0,>90,0.0,0.0
2025-07-12,30-49,535326,0,0,>90,0.0,0.0
2025-07-12,50-64,434497,0,0,>90,0.0,0.0
2025-07-12,65+,474444,0,0,>90,0.0,0.0
2025-07-19,0-17,277191,0,0,54.7,0.0,0.0
2025-07-19,18-29,305498,0,0,>90,0.0,0.0
2025-07-19,30-49,535342,0,0,>90,0.0,0.0
2025-07-19,50-64,434501,0,0,>90,0.0,0.0
2025-07-19,65+,474458,0,0,>90,0.0,0.0
2025-07-26,0-17,277206,0,0,54.7,0.0,0.0
2025-07-26,18-29,305518,0,0,>90,0.0,0.0
2025-07-26,30-49,535355,0,0,>90,0.0,0.0
2025-07-26,50-64,434512,0,0,>90,0.0,0.0
2025-07-26,65+,474474,0,0,>90,0.0,0.0
2025-08-02,0-17,277226,0,0,54.7,0.0,0.0
2025-08-02,18-29,305535,0,0,>90,0.0,0.0
2025-08-02,30-49,535374,0,0,>90,0.0,0.0
2025-08-02,50-64,434530,0,0,>90,0.0,0.0
2025-08-02,65+,474499,0,0,>90,0.0,0.0
2025-08-09,0-17,277236,0,0,54.7,0.0,0.0
2025-08-09,18-29,305547,0,0,>90,0.0,0.0
2025-08-09,30-49,535390,0,0,>90,0.0,0.0
2025-08-09,50-64,434532,0,0,>90,0.0,0.0
2025-08-09,65+,474524,0,0,>90,0.0,0.0
2025-08-16,0-17,277259,0,0,54.7,0.0,0.0
2025-08-16,18-29,305573,0,0,>90,0.0,0.0
2025-08-16,30-49,535412,0,0,>90,0.0,0.0
2025-08-16,50-64,434546,0,0,>90,0.0,0.0
2025-08-16,65+,474568,0,0,>90,0.0,0.0
2025-08-23,0-17,277265,0,0,54.7,0.0,0.0
2025-08-23,18-29,305593,0,0,>90,0.0,0.0
2025-08-23,30-49,535427,0,0,>90,0.0,0.0
2025-08-23,50-64,434557,0,0,>90,0.0,0.0
2025-08-23,65+,474590,0,0,>90,0.0,0.0
2025-08-30,0-17,277276,2,0,54.7,0.0,0.0
2025-08-30,18-29,305600,3,0,>90,0.0,0.0
2025-08-30,30-49,535433,9,0,>90,0.0,0.0
2025-08-30,50-64,434565,14,0,>90,0.0,0.0
2025-08-30,65+,474602,27,0,>90,0.0,0.0
2025-09-06,0-17,277282,72,0,54.7,0.0,0.0
2025-09-06,18-29,305623,186,0,>90,0.1,0.0
2025-09-06,30-49,535538,873,0,>90,0.1,0.0
2025-09-06,50-64,434653,1320,0,>90,0.3,0.0
2025-09-06,65+,474773,4936,0,>90,1.2,0.0
2025-09-13,0-17,277299,264,0,54.7,0.1,0.0
2025-09-13,18-29,305686,563,0,>90,0.2,0.0
2025-09-13,30-49,535698,2287,0,>90,0.4,0.0
2025-09-13,50-64,434775,3568,0,>90,0.8,0.0
2025-09-13,65+,475062,14836,0,>90,3.7,0.0
2025-09-20,0-17,277330,575,0,54.7,0.1,0.0
2025-09-20,18-29,305751,1002,0,>90,0.3,0.0
2025-09-20,30-49,535924,4014,0,>90,0.7,0.0
2025-09-20,50-64,434926,6106,0,>90,1.3,0.0
2025-09-20,65+,475470,25088,0,>90,6.2,0.0
2025-09-27,0-17,277394,1123,0,54.7,0.2,0.0
2025-09-27,18-29,305843,1591,0,>90,0.5,0.0
2025-09-27,30-49,536199,6054,0,>90,1.0,0.0
2025-09-27,50-64,435102,9131,0,>90,1.9,0.0
2025-09-27,65+,475877,36590,0,>90,9.1,0.0
2025-10-04,0-17,277498,2071,0,54.8,0.4,0.0
2025-10-04,18-29,305953,2282,0,>90,0.7,0.0
2025-10-04,30-49,536500,8442,0,>90,1.4,0.0
2025-10-04,50-64,435302,12411,0,>90,2.6,0.0
2025-10-04,65+,476317,48395,0,>90,12.0,0.0
2025-10-11,0-17,277665,3344,0,54.8,0.7,0.0
2025-10-11,18-29,306063,3060,0,>90,0.9,0.0
2025-10-11,30-49,536839,11115,0,>90,1.9,0.0
2025-10-11,50-64,435516,15961,0,>90,3.4,0.0
2025-10-11,65+,476865,60330,0,>90,15.0,0.0
2025-10-18,0-17,277885,5037,0,54.8,1.0,0.0
2025-10-18,18-29,306183,3938,0,>90,1.2,0.0
2025-10-18,30-49,537216,14003,0,>90,2.4,0.0
2025-10-18,50-64,435752,19567,0,>90,4.2,0.0
2025-10-18,65+,477299,71455,0,>90,17.8,0.0
2025-10-25,0-17,278118,6598,0,54.9,1.3,0.0
2025-10-25,18-29,306301,4655,0,>90,1.4,0.0
2025-10-25,30-49,537568,16609,0,>90,2.8,0.0
2025-10-25,50-64,435989,22928,0,>90,4.9,0.0
2025-10-25,65+,477779,81721,0,>90,20.3,0.0
2025-11-01,0-17,278641,7915,0,55.0,1.6,0.0
2025-11-01,18-29,306549,5246,0,>90,1.6,0.0
2025-11-01,30-49,538518,18735,0,>90,3.2,0.0
2025-11-01,50-64,437214,25879,0,>90,5.5,0.0
2025-11-01,65+,480565,90230,0,>90,22.4,0.0
2025-11-08,0-17,279110,9409,0,55.1,1.9,0.0
2025-11-08,18-29,306707,5758,0,>90,1.8,0.0
2025-11-08,30-49,539091,20689,0,>90,3.5,0.0
2025-11-08,50-64,437722,28293,0,>90,6.0,0.0
2025-11-08,65+,481775,96988,0,>90,24.1,0.0
2025-11-15,0-17,279309,10558,0,55.1,2.1,0.0
2025-11-15,18-29,306802,6231,0,>90,1.9,0.0
2025-11-15,30-49,539326,22314,0,>90,3.8,0.0
2025-11-15,50-64,437870,30409,0,>90,6.5,0.0
2025-11-15,65+,482020,102199,0,>90,25.4,0.0
2025-11-22,0-17,279534,11595,0,55.2,2.3,0.0
2025-11-22,18-29,306872,6663,0,>90,2.0,0.0
2025-11-22,30-49,539549,23733,0,>90,4.1,0.0
2025-11-22,50-64,438014,32376,0,>90,6.9,0.0
2025-11-22,65+,482210,106857,0,>90,26.6,0.0
2025-11-29,0-17,279661,12403,0,55.2,2.4,0.0
2025-11-29,18-29,306928,7247,0,>90,2.2,0.0
2025-11-29,30-49,539706,24673,0,>90,4.2,0.0
2025-11-29,50-64,438106,33578,0,>90,7.2,0.0
2025-11-29,65+,482329,109018,0,>90,27.1,0.0
2025-12-06,0-17,279839,13062,0,55.2,2.6,0.0
2025-12-06,18-29,306981,7538,0,>90,2.3,0.0
2025-12-06,30-49,539857,25522,0,>90,4.4,0.0
2025-12-06,50-64,438202,34732,0,>90,7.4,0.0
2025-12-06,65+,482452,111647,0,>90,27.8,0.0
2025-12-13,0-17,279986,13591,0,55.2,2.7,0.0
2025-12-13,18-29,307035,7779,0,>90,2.4,0.0
2025-12-13,30-49,539974,26260,0,>90,4.5,0.0
2025-12-13,50-64,438280,35743,0,>90,7.6,0.0
2025-12-13,65+,482554,114014,0,>90,28.4,0.0
2025-12-20,0-17,280103,14079,0,55.3,2.8,0.0
2025-12-20,18-29,307089,8179,0,>90,2.5,0.0
2025-12-20,30-49,540100,26949,0,>90,4.6,0.0
2025-12-20,50-64,438367,36744,0,>90,7.8,0.0
2025-12-20,65+,482694,116247,0,>90,28.9,0.0
2025-12-27,0-17,280170,14414,0,55.3,2.8,0.0
2025-12-27,18-29,307129,8473,0,>90,2.6,0.0
2025-12-27,30-49,540171,27352,0,>90,4.7,0.0
2025-12-27,50-64,438419,37349,0,>90,8.0,0.0
2025-12-27,65+,482749,117299,0,>90,29.2,0.0
2026-01-03,0-17,280266,14812,0,55.3,2.9,0.0
2026-01-03,18-29,307178,8824,0,>90,2.7,0.0
2026-01-03,30-49,540261,27826,0,>90,4.8,0.0
2026-01-03,50-64,438477,38099,0,>90,8.1,0.0
2026-01-03,65+,482814,118608,0,>90,29.5,0.0
2026-01-10,0-17,280393,15263,0,55.3,3.0,0.0
2026-01-10,18-29,307245,9212,0,>90,2.8,0.0
2026-01-10,30-49,540387,28463,0,>90,4.9,0.0
2026-01-10,50-64,438556,38928,0,>90,8.3,0.0
2026-01-10,65+,482892,120267,0,>90,29.9,0.0
2026-01-17,0-17,280493,15563,0,55.3,3.1,0.0
2026-01-17,18-29,307299,9445,0,>90,2.9,0.0
2026-01-17,30-49,540469,28853,0,>90,4.9,0.0
2026-01-17,50-64,438608,39457,0,>90,8.4,0.0
2026-01-17,65+,482950,121321,0,>90,30.2,0.0
2026-01-24,0-17,280571,15812,0,55.4,3.1,0.0
2026-01-24,18-29,307333,9573,0,>90,2.9,0.0
2026-01-24,30-49,540545,29164,0,>90,5.0,0.0
2026-01-24,50-64,438654,39833,0,>90,8.5,0.0
2026-01-24,65+,483011,122006,0,>90,30.3,0.0
2026-01-31,0-17,280652,16039,0,55.4,3.2,0.0
2026-01-31,18-29,307371,9700,0,>90,3.0,0.0
2026-01-31,30-49,540605,29433,0,>90,5.0,0.0
2026-01-31,50-64,438698,40184,0,>90,8.6,0.0
2026-01-31,65+,483067,122680,0,>90,30.5,0.0
2026-02-07,0-17,280724,16236,0,55.4,3.2,0.0
2026-02-07,18-29,307408,9812,0,>90,3.0,0.0
2026-02-07,30-49,540668,29696,0,>90,5.1,0.0
2026-02-07,50-64,438735,40482,0,>90,8.6,0.0
2026-02-07,65+,483110,123293,0,>90,30.7,0.0
2026-02-14,0-17,280791,16394,0,55.4,3.2,0.0
2026-02-14,18-29,307435,9901,0,>90,3.0,0.0
2026-02-14,30-49,540704,29852,0,>90,5.1,0.0
2026-02-14,50-64,438762,40720,0,>90,8.7,0.0
2026-02-14,65+,483159,123868,0,>90,30.8,0.0
2026-02-21,0-17,280858,16538,0,55.4,3.3,0.0
2026-02-21,18-29,307469,9999,0,>90,3.1,0.0
2026-02-21,30-49,540748,30011,0,>90,5.1,0.0
2026-02-21,50-64,438784,40937,0,>90,8.7,0.0
2026-02-21,65+,483183,124346,0,>90,30.9,0.0
2026-02-28,0-17,280916,16680,0,55.4,3.3,0.0
2026-02-28,18-29,307495,10063,0,>90,3.1,0.0
2026-02-28,30-49,540789,30160,0,>90,5.2,0.0
2026-02-28,50-64,438807,41126,0,>90,8.8,0.0
2026-02-28,65+,483215,124723,0,>90,31.0,0.0
2026-03-07,0-17,280973,16799,0,55.4,3.3,0.0
2026-03-07,18-29,307508,10137,0,>90,3.1,0.0
2026-03-07,30-49,540824,30286,0,>90,5.2,0.0
2026-03-07,50-64,438824,41287,0,>90,8.8,0.0
2026-03-07,65+,483246,125154,0,>90,31.1,0.0
2026-03-14,0-17,281027,16896,0,55.5,3.3,0.0
2026-03-14,18-29,307525,10196,0,>90,3.1,0.0
2026-03-14,30-49,540857,30395,0,>90,5.2,0.0
2026-03-14,50-64,438845,41449,0,>90,8.8,0.0
2026-03-14,65+,483280,125515,0,>90,31.2,0.0
2026-03-21,0-17,281062,16983,0,55.5,3.4,0.0
2026-03-21,18-29,307545,10274,0,>90,3.2,0.0
2026-03-21,30-49,540890,30505,0,>90,5.2,0.0
2026-03-21,50-64,438866,41574,0,>90,8.9,0.0
2026-03-21,65+,483309,125831,0,>90,31.3,0.0
2026-03-28,0-17,281094,17065,0,55.5,3.4,0.0
2026-03-28,18-29,307566,10342,0,>90,3.2,0.0
2026-03-28,30-49,540928,30620,0,>90,5.2,0.0
2026-03-28,50-64,438878,41693,0,>90,8.9,0.0
2026-03-28,65+,483357,126234,0,>90,31.4,0.0
2026-04-04,0-17,281123,17153,0,55.5,3.4,0.0
2026-04-04,18-29,307583,10389,0,>90,3.2,0.0
2026-04-04,30-49,540950,30709,0,>90,5.3,0.0
2026-04-04,50-64,438899,41811,0,>90,8.9,0.0
2026-04-04,65+,483405,126608,0,>90,31.5,0.0
2026-04-11,0-17,281144,17199,0,55.5,3.4,0.0
2026-04-11,18-29,307601,10442,0,>90,3.2,0.0
2026-04-11,30-49,540969,30779,0,>90,5.3,0.0
2026-04-11,50-64,438916,41910,0,>90,8.9,0.0
2026-04-11,65+,483474,127081,0,>90,31.6,0.0
2026-04-18,0-17,281162,17245,0,55.5,3.4,0.0
2026-04-18,18-29,307619,10498,0,>90,3.2,0.0
2026-04-18,30-49,540988,30857,0,>90,5.3,0.0
2026-04-18,50-64,438928,42003,0,>90,8.9,0.0
2026-04-18,65+,483515,127454,0,>90,31.7,0.0
2026-04-25,0-17,281187,17294,0,55.5,3.4,0.0
2026-04-25,18-29,307636,10548,0,>90,3.2,0.0
2026-04-25,30-49,541010,30934,0,>90,5.3,0.0
2026-04-25,50-64,438939,42091,0,>90,9.0,0.0
2026-04-25,65+,483567,127813,0,>90,31.8,0.0
2026-05-02,0-17,281208,17332,0,55.5,3.4,0.0
2026-05-02,18-29,307657,10602,0,>90,3.3,0.0
2026-05-02,30-49,541024,30997,0,>90,5.3,0.0
2026-05-02,50-64,438953,42197,0,>90,9.0,0.0
2026-05-02,65+,483615,128120,0,>90,31.9,0.0
2026-05-09,0-17,281224,17371,0,55.5,3.4,0.0
2026-05-09,18-29,307669,10636,0,>90,3.3,0.0
2026-05-09,30-49,541043,31057,0,>90,5.3,0.0
2026-05-09,50-64,438964,42276,0,>90,9.0,0.0
2026-05-09,65+,483670,128559,0,>90,32.0,0.0
2026-05-16,0-17,281235,17408,0,55.5,3.4,0.0
2026-05-16,18-29,307683,10678,0,>90,3.3,0.0
2026-05-16,30-49,541070,31126,0,>90,5.3,0.0
2026-05-16,50-64,438979,42361,0,>90,9.0,0.0
2026-05-16,65+,483715,128876,0,>90,32.0,0.0
2026-05-23,0-17,281248,17441,0,55.5,3.4,0.0
2026-05-23,18-29,307701,10724,0,>90,3.3,0.0
2026-05-23,30-49,541092,31186,0,>90,5.3,0.0
2026-05-23,50-64,438991,42432,0,>90,9.0,0.0
2026-05-23,65+,483747,129134,0,>90,32.1,0.0
2026-05-30,0-17,281260,17465,0,55.5,3.4,0.0
2026-05-30,18-29,307715,10759,0,>90,3.3,0.0
2026-05-30,30-49,541102,31228,0,>90,5.4,0.0
2026-05-30,50-64,438999,42496,0,>90,9.1,0.0
2026-05-30,65+,483773,129355,0,>90,32.2,0.0
2026-06-06,0-17,281267,17492,0,55.5,3.5,0.0
2026-06-06,18-29,307729,10803,0,>90,3.3,0.0
2026-06-06,30-49,541112,31270,0,>90,5.4,0.0
2026-06-06,50-64,439013,42560,0,>90,9.1,0.0
2026-06-06,65+,483798,129555,0,>90,32.2,0.0
2026-06-13,0-17,281274,17508,0,55.5,3.5,0.0
2026-06-13,18-29,307743,10846,0,>90,3.3,0.0
2026-06-13,30-49,541122,31306,0,>90,5.4,0.0
2026-06-13,50-64,439022,42612,0,>90,9.1,0.0
2026-06-13,65+,483829,129751,0,>90,32.3,0.0
2026-06-20,0-17,281282,17520,0,55.5,3.5,0.0
2026-06-20,18-29,307752,10880,0,>90,3.3,0.0
2026-06-20,30-49,541132,31344,0,>90,5.4,0.0
2026-06-20,50-64,439032,42653,0,>90,9.1,0.0
2026-06-20,65+,483842,129897,0,>90,32.3,0.0
2026-06-27,0-17,281291,17539,0,55.5,3.5,0.0
2026-06-27,18-29,307771,10921,0,>90,3.4,0.0
2026-06-27,30-49,541142,31382,0,>90,5.4,0.0
2026-06-27,50-64,439037,42698,0,>90,9.1,0.0
2026-06-27,65+,483863,130051,0,>90,32.3,0.0
2026-07-04,0-17,281298,17552,0,55.5,3.5,0.0
2026-07-04,18-29,307781,10952,0,>90,3.4,0.0
2026-07-04,30-49,541146,31407,0,>90,5.4,0.0
2026-07-04,50-64,439039,42724,0,>90,9.1,0.0
2026-07-04,65+,483871,130147,0,>90,32.4,0.0
2026-07-11,0-17,281306,17570,0,55.5,3.5,0.0
2026-07-11,18-29,307795,10991,0,>90,3.4,0.0
2026-07-11,30-49,541152,31431,0,>90,5.4,0.0
2026-07-11,50-64,439045,42768,0,>90,9.1,0.0
2026-07-11,65+,483896,130258,0,>90,32.4,0.0
2026-07-18,0-17,281317,17593,0,55.5,3.5,0.0
2026-07-18,18-29,307815,11032,0,>90,3.4,0.0
2026-07-18,30-49,541174,31473,0,>90,5.4,0.0
2026-07-18,50-64,439052,42812,0,>90,9.1,0.0
2026-07-18,65+,483908,130377,0,>90,32.4,0.0
2026-07-25,0-17,281331,17615,0,55.5,3.5,0.0
2026-07-25,18-29,307836,11077,0,>90,3.4,0.0
2026-07-25,30-49,541185,31504,0,>90,5.4,0.0
2026-07-25,50-64,439059,42844,0,>90,9.1,0.0
2026-07-25,65+,483918,130474,0,>90,32.4,0.0
2026-08-01,0-17,281344,17644,0,55.5,3.5,0.0
2026-08-01,18-29,307850,11125,0,>90,3.4,0.0
2026-08-01,30-49,541196,31544,0,>90,5.4,0.0
2026-08-01,50-64,439065,42891,0,>90,9.1,0.0
2026-08-01,65+,483932,130579,0,>90,32.5,0.0
2026-08-08,0-17,281355,17676,0,55.5,3.5,0.0
2026-08-08,18-29,307872,11176,0,>90,3.4,0.0
2026-08-08,30-49,541221,31606,0,>90,5.4,0.0
2026-08-08,50-64,439076,42955,0,>90,9.2,0.0
2026-08-08,65+,483956,130760,0,>90,32.5,0.0
2026-08-15,0-17,281362,17702,0,55.5,3.5,0.0
2026-08-15,18-29,307884,11226,0,>90,3.4,0.0
2026-08-15,30-49,541238,31657,0,>90,5.4,0.0
2026-08-15,50-64,439081,42992,0,>90,9.2,0.0
2026-08-15,65+,483966,130870,0,>90,32.5,0.0
2026-08-22,0-17,281365,17713,0,55.5,3.5,0.0
2026-08-22,18-29,307899,11273,0,>90,3.5,0.0
2026-08-22,30-49,541251,31706,0,>90,5.4,0.0
2026-08-22,50-64,439083,43035,0,>90,9.2,0.0
2026-08-22,65+,483983,130999,0,>90,32.6,0.0
2026-08-29,0-17,281371,17731,4,55.5,3.5,0.0
2026-08-29,18-29,307914,11304,4,>90,3.5,0.0
2026-08-29,30-49,541258,31722,1,>90,5.4,0.0
2026-08-29,50-64,439086,43055,2,>90,9.2,0.0
2026-08-29,65+,483990,131062,13,>90,32.6,0.0
2026-09-05,0-17,281380,17741,37,55.5,3.5,0.0
2026-09-05,18-29,307946,11314,68,>90,3.5,0.0
2026-09-05,30-49,541306,31730,215,>90,5.4,0.0
2026-09-05,50-64,439124,43065,367,>90,9.2,0.1
2026-09-05,65+,484034,131081,1361,>90,32.6,0.3
2026-09-12,0-17,281395,17743,129,55.5,3.5,0.0
2026-09-12,18-29,308009,11319,237,>90,3.5,0.1
2026-09-12,30-49,541450,31750,828,>90,5.4,0.1
2026-09-12,50-64,439207,43078,1453,>90,9.2,0.3
2026-09-12,65+,484215,131117,5855,>90,32.6,1.5
2026-09-19,0-17,281438,17749,314,55.5,3.5,0.1
2026-09-19,18-29,308088,11320,408,>90,3.5,0.1
2026-09-19,30-49,541648,31757,1679,>90,5.4,0.3
2026-09-19,50-64,439331,43087,2906,>90,9.2,0.6
2026-09-19,65+,484460,131152,12338,>90,32.6,3.1
2026-09-26,0-17,281494,17751,658,55.5,3.5,0.1
2026-09-26,18-29,308201,11322,664,>90,3.5,0.2
2026-09-26,30-49,541923,31758,2843,>90,5.4,0.5
2026-09-26,50-64,439478,43098,4697,>90,9.2,1.0
2026-09-26,65+,484782,131186,20129,>90,32.6,5.0
2026-10-03,0-17,281614,17754,1168,55.6,3.5,0.2
2026-10-03,18-29,308313,11329,959,>90,3.5,0.3
2026-10-03,30-49,542262,31764,4203,>90,5.4,0.7
2026-10-03,50-64,439655,43114,6823,>90,9.2,1.5
2026-10-03,65+,485105,131305,28753,>90,32.7,7.1
