week_end,n_onedose,n_2025,n_2026,coverage_onedose,coverage_2025,coverage_2026
2020-12-19,12167,0,0,0.5,0.0,0.0
2020-12-26,21554,0,0,0.9,0.0,0.0
2021-01-02,35658,0,0,1.6,0.0,0.0
2021-01-09,52030,0,0,2.3,0.0,0.0
2021-01-16,73347,0,0,3.2,0.0,0.0
2021-01-23,102092,0,0,4.5,0.0,0.0
2021-01-30,149192,0,0,6.5,0.0,0.0
2021-02-06,213794,0,0,9.3,0.0,0.0
2021-02-13,281246,0,0,12.3,0.0,0.0
2021-02-20,327814,0,0,14.3,0.0,0.0
2021-02-27,375412,0,0,16.4,0.0,0.0
2021-03-06,430046,0,0,18.8,0.0,0.0
2021-03-13,504792,0,0,22.1,0.0,0.0
2021-03-20,595809,0,0,26.1,0.0,0.0
2021-03-27,686493,0,0,30.0,0.0,0.0
2021-04-03,794597,0,0,34.7,0.0,0.0
2021-04-10,893753,0,0,39.1,0.0,0.0
2021-04-17,985786,0,0,43.1,0.0,0.0
2021-04-24,1055493,0,0,46.1,0.0,0.0
2021-05-01,1109277,0,0,48.5,0.0,0.0
2021-05-08,1146816,0,0,50.1,0.0,0.0
2021-05-15,1189818,0,0,52.0,0.0,0.0
2021-05-22,1241776,0,0,54.3,0.0,0.0
2021-05-29,1272573,0,0,55.6,0.0,0.0
2021-06-05,1295616,0,0,56.6,0.0,0.0
2021-06-12,1315114,0,0,57.5,0.0,0.0
2021-06-19,1330711,0,0,58.2,0.0,0.0
2021-06-26,1342639,0,0,58.7,0.0,0.0
2021-07-03,1356396,0,0,59.3,0.0,0.0
2021-07-10,1366659,0,0,59.8,0.0,0.0
2021-07-17,1380179,0,0,60.3,0.0,0.0
2021-07-24,1395071,0,0,61.0,0.0,0.0
2021-07-31,1410092,0,0,61.7,0.0,0.0
2021-08-07,1427124,0,0,62.4,0.0,0.0
2021-08-14,1442415,0,0,63.1,0.0,0.0
2021-08-21,1456697,0,0,63.7,0.0,0.0
2021-08-28,1470792,0,0,64.3,0.0,0.0
2021-09-04,1485503,0,0,65.0,0.0,0.0
2021-09-11,1495701,0,0,65.4,0.0,0.0
2021-09-18,1505852,0,0,65.8,0.0,0.0
2021-09-25,1514926,0,0,66.2,0.0,0.0
2021-10-02,1525242,0,0,66.7,0.0,0.0
2021-10-09,1534911,0,0,67.1,0.0,0.0
2021-10-16,1543705,0,0,67.5,0.0,0.0
2021-10-23,1553162,0,0,67.9,0.0,0.0
2021-10-30,1565425,0,0,68.4,0.0,0.0
2021-11-06,1579540,0,0,69.1,0.0,0.0
2021-11-13,1606686,0,0,70.2,0.0,0.0
2021-11-20,1631044,0,0,71.3,0.0,0.0
2021-11-27,1648803,0,0,72.1,0.0,0.0
2021-12-04,1672008,0,0,73.1,0.0,0.0
2021-12-11,1693661,0,0,74.1,0.0,0.0
2021-12-18,1714186,0,0,74.9,0.0,0.0
2021-12-25,1731741,0,0,75.7,0.0,0.0
2022-01-01,1749719,0,0,76.5,0.0,0.0
2022-01-08,1774203,0,0,77.6,0.0,0.0
2022-01-15,1796859,0,0,78.6,0.0,0.0
2022-01-22,1814739,0,0,79.3,0.0,0.0
2022-01-29,1827664,0,0,79.9,0.0,0.0
2022-02-05,1836917,0,0,80.3,0.0,0.0
2022-02-12,1845152,0,0,80.7,0.0,0.0
2022-02-19,1850163,0,0,80.9,0.0,0.0
2022-02-26,1854881,0,0,81.1,0.0,0.0
2022-03-05,1858301,0,0,81.3,0.0,0.0
2022-03-12,1860674,0,0,81.4,0.0,0.0
2022-03-19,1862967,0,0,81.5,0.0,0.0
2022-03-26,1864860,0,0,81.5,0.0,0.0
2022-04-02,1866894,0,0,81.6,0.0,0.0
2022-04-09,1869048,0,0,81.7,0.0,0.0
2022-04-16,1871241,0,0,81.8,0.0,0.0
2022-04-23,1873276,0,0,81.9,0.0,0.0
2022-04-30,1875162,0,0,82.0,0.0,0.0
2022-05-07,1876751,0,0,82.1,0.0,0.0
2022-05-14,1878629,0,0,82.1,0.0,0.0
2022-05-21,1880693,0,0,82.2,0.0,0.0
2022-05-28,1882942,0,0,82.3,0.0,0.0
2022-06-04,1884687,0,0,82.4,0.0,0.0
2022-06-11,1886405,0,0,82.5,0.0,0.0
2022-06-18,1887955,0,0,82.5,0.0,0.0
2022-06-25,1890500,0,0,82.7,0.0,0.0
2022-07-02,1893807,0,0,82.8,0.0,0.0
2022-07-09,1896552,0,0,82.9,0.0,0.0
2022-07-16,1899634,0,0,83.1,0.0,0.0
2022-07-23,1902769,0,0,83.2,0.0,0.0
2022-07-30,1905715,0,0,83.3,0.0,0.0
2022-08-06,1908516,0,0,83.4,0.0,0.0
2022-08-13,1911103,0,0,83.6,0.0,0.0
2022-08-20,1913396,0,0,83.7,0.0,0.0
2022-08-27,1915250,0,0,83.7,0.0,0.0
2022-09-03,1916719,0,0,83.8,0.0,0.0
2022-09-10,1918758,0,0,83.9,0.0,0.0
2022-09-17,1921456,0,0,84.0,0.0,0.0
2022-09-24,1924264,0,0,84.1,0.0,0.0
2022-10-01,1927392,0,0,84.3,0.0,0.0
2022-10-08,1930491,0,0,84.4,0.0,0.0
2022-10-15,1933471,0,0,84.5,0.0,0.0
2022-10-22,1936576,0,0,84.7,0.0,0.0
2022-10-29,1939648,0,0,84.8,0.0,0.0
2022-11-05,1942367,0,0,84.9,0.0,0.0
2022-11-12,1944976,0,0,85.0,0.0,0.0
2022-11-19,1947352,0,0,85.1,0.0,0.0
2022-11-26,1948282,0,0,85.2,0.0,0.0
2022-12-03,1950075,0,0,85.3,0.0,0.0
2022-12-10,1951868,0,0,85.3,0.0,0.0
2022-12-17,1953655,0,0,85.4,0.0,0.0
2022-12-24,1954987,0,0,85.5,0.0,0.0
2022-12-31,1956286,0,0,85.5,0.0,0.0
2023-01-07,1957528,0,0,85.6,0.0,0.0
2023-01-14,1958703,0,0,85.6,0.0,0.0
2023-01-21,1959549,0,0,85.7,0.0,0.0
2023-01-28,1960308,0,0,85.7,0.0,0.0
2023-02-04,1961055,0,0,85.7,0.0,0.0
2023-02-11,1961786,0,0,85.8,0.0,0.0
2023-02-18,1962332,0,0,85.8,0.0,0.0
2023-02-25,1962889,0,0,85.8,0.0,0.0
2023-03-04,1963359,0,0,85.8,0.0,0.0
2023-03-11,1963945,0,0,85.9,0.0,0.0
2023-03-18,1964446,0,0,85.9,0.0,0.0
2023-03-25,1964907,0,0,85.9,0.0,0.0
2023-04-01,1965319,0,0,85.9,0.0,0.0
2023-04-08,1965717,0,0,85.9,0.0,0.0
2023-04-15,1966112,0,0,86.0,0.0,0.0
2023-04-22,1966505,0,0,86.0,0.0,0.0
2023-04-29,1966872,0,0,86.0,0.0,0.0
2023-05-06,1967241,0,0,86.0,0.0,0.0
2023-05-13,1967576,0,0,86.0,0.0,0.0
2023-05-20,1967949,0,0,86.0,0.0,0.0
2023-05-27,1968275,0,0,86.1,0.0,0.0
2023-06-03,1968518,0,0,86.1,0.0,0.0
2023-06-10,1968798,0,0,86.1,0.0,0.0
2023-06-17,1969074,0,0,86.1,0.0,0.0
2023-06-24,1969367,0,0,86.1,0.0,0.0
2023-07-01,1969648,0,0,86.1,0.0,0.0
2023-07-08,1969873,0,0,86.1,0.0,0.0
2023-07-15,1970096,0,0,86.1,0.0,0.0
2023-07-22,1970344,0,0,86.1,0.0,0.0
2023-07-29,1970591,0,0,86.2,0.0,0.0
2023-08-05,1970860,0,0,86.2,0.0,0.0
2023-08-12,1971116,0,0,86.2,0.0,0.0
2023-08-19,1971387,0,0,86.2,0.0,0.0
2023-08-26,1971649,0,0,86.2,0.0,0.0
2023-09-02,1971893,0,0,86.2,0.0,0.0
2023-09-09,1972128,0,0,86.2,0.0,0.0
2023-09-16,1972276,0,0,86.2,0.0,0.0
2023-09-23,1973374,0,0,86.3,0.0,0.0
2023-09-30,1974849,0,0,86.3,0.0,0.0
2023-10-07,1976701,0,0,86.4,0.0,0.0
2023-10-14,1978569,0,0,86.5,0.0,0.0
2023-10-21,1980419,0,0,86.6,0.0,0.0
2023-10-28,1982037,0,0,86.7,0.0,0.0
2023-11-04,1983699,0,0,86.7,0.0,0.0
2023-11-11,1985177,0,0,86.8,0.0,0.0
2023-11-18,1986604,0,0,86.9,0.0,0.0
2023-11-25,1987486,0,0,86.9,0.0,0.0
2023-12-02,1988599,0,0,86.9,0.0,0.0
2023-12-09,1989701,0,0,87.0,0.0,0.0
2023-12-16,1990712,0,0,87.0,0.0,0.0
2023-12-23,1991748,0,0,87.1,0.0,0.0
2023-12-30,1992432,0,0,87.1,0.0,0.0
2024-01-06,1993114,0,0,87.1,0.0,0.0
2024-01-13,1993753,0,0,87.2,0.0,0.0
2024-01-20,1994352,0,0,87.2,0.0,0.0
2024-01-27,1994902,0,0,87.2,0.0,0.0
2024-02-03,1995466,0,0,87.2,0.0,0.0
2024-02-10,1995877,0,0,87.3,0.0,0.0
2024-02-17,1996245,0,0,87.3,0.0,0.0
2024-02-24,1996592,0,0,87.3,0.0,0.0
2024-03-02,1996930,0,0,87.3,0.0,0.0
2024-03-09,1997278,0,0,87.3,0.0,0.0
2024-03-16,1997570,0,0,87.3,0.0,0.0
2024-03-23,1997880,0,0,87.4,0.0,0.0
2024-03-30,1998154,0,0,87.4,0.0,0.0
2024-04-06,1998437,0,0,87.4,0.0,0.0
2024-04-13,1998680,0,0,87.4,0.0,0.0
2024-04-20,1998966,0,0,87.4,0.0,0.0
2024-04-27,1999227,0,0,87.4,0.0,0.0
2024-05-04,1999460,0,0,87.4,0.0,0.0
2024-05-11,1999665,0,0,87.4,0.0,0.0
2024-05-18,1999863,0,0,87.4,0.0,0.0
2024-05-25,2000056,0,0,87.4,0.0,0.0
2024-06-01,2000203,0,0,87.5,0.0,0.0
2024-06-08,2000375,0,0,87.5,0.0,0.0
2024-06-15,2000584,0,0,87.5,0.0,0.0
2024-06-22,2000729,0,0,87.5,0.0,0.0
2024-06-29,2000875,0,0,87.5,0.0,0.0
2024-07-06,2001004,0,0,87.5,0.0,0.0
2024-07-13,2001135,0,0,87.5,0.0,0.0
2024-07-20,2001238,0,0,87.5,0.0,0.0
2024-07-27,2001332,0,0,87.5,0.0,0.0
2024-08-03,2001401,0,0,87.5,0.0,0.0
2024-08-10,2001495,0,0,87.5,0.0,0.0
2024-08-17,2001584,0,0,87.5,0.0,0.0
2024-08-24,2001680,0,0,87.5,0.0,0.0
2024-08-31,2001995,0,0,87.5,0.0,0.0
2024-09-07,2002700,0,0,87.6,0.0,0.0
2024-09-14,2003586,0,0,87.6,0.0,0.0
2024-09-21,2004676,0,0,87.7,0.0,0.0
2024-09-28,2006044,0,0,87.7,0.0,0.0
2024-10-05,2007742,0,0,87.8,0.0,0.0
2024-10-12,2009443,0,0,87.9,0.0,0.0
2024-10-19,2011143,0,0,87.9,0.0,0.0
2024-10-26,2012665,0,0,88.0,0.0,0.0
2024-11-02,2014042,0,0,88.1,0.0,0.0
2024-11-09,2015470,0,0,88.1,0.0,0.0
2024-11-16,2016730,0,0,88.2,0.0,0.0
2024-11-23,2017828,0,0,88.2,0.0,0.0
2024-11-30,2018560,0,0,88.3,0.0,0.0
2024-12-07,2019336,0,0,88.3,0.0,0.0
2024-12-14,2020089,0,0,88.3,0.0,0.0
2024-12-21,2020820,0,0,88.4,0.0,0.0
2024-12-28,2021206,0,0,88.4,0.0,0.0
2025-01-04,2021607,0,0,88.4,0.0,0.0
2025-01-11,2022210,0,0,88.4,0.0,0.0
2025-01-18,2022775,0,0,88.4,0.0,0.0
2025-01-25,2023176,0,0,88.5,0.0,0.0
2025-02-01,2023568,0,0,88.5,0.0,0.0
2025-02-08,2023899,0,0,88.5,0.0,0.0
2025-02-15,2024175,0,0,88.5,0.0,0.0
2025-02-22,2024417,0,0,88.5,0.0,0.0
2025-03-01,2024643,0,0,88.5,0.0,0.0
2025-03-08,2024876,0,0,88.5,0.0,0.0
2025-03-15,2025065,0,0,88.5,0.0,0.0
2025-03-22,2025267,0,0,88.6,0.0,0.0
2025-03-29,2025471,0,0,88.6,0.0,0.0
2025-04-05,2025640,0,0,88.6,0.0,0.0
2025-04-12,2025789,0,0,88.6,0.0,0.0
2025-04-19,2025930,0,0,88.6,0.0,0.0
2025-04-26,2026088,0,0,88.6,0.0,0.0
2025-05-03,2026235,0,0,88.6,0.0,0.0
2025-05-10,2026345,0,0,88.6,0.0,0.0
2025-05-17,2026428,0,0,88.6,0.0,0.0
2025-05-24,2026524,0,0,88.6,0.0,0.0
2025-05-31,2026612,0,0,88.6,0.0,0.0
2025-06-07,2026689,0,0,88.6,0.0,0.0
2025-06-14,2026771,0,0,88.6,0.0,0.0
2025-06-21,2026845,0,0,88.6,0.0,0.0
2025-06-28,2026922,0,0,88.6,0.0,0.0
2025-07-05,2026977,0,0,88.6,0.0,0.0
2025-07-12,2027055,0,0,88.6,0.0,0.0
2025-07-19,2027115,0,0,88.6,0.0,0.0
2025-07-26,2027190,0,0,88.6,0.0,0.0
2025-08-02,2027289,0,0,88.6,0.0,0.0
2025-08-09,2027354,0,0,88.6,0.0,0.0
2025-08-16,2027483,0,0,88.6,0.0,0.0
2025-08-23,2027557,0,0,88.7,0.0,0.0
2025-08-30,2027601,55,0,88.7,0.0,0.0
2025-09-06,2027994,7391,0,88.7,0.3,0.0
2025-09-13,2028645,21525,0,88.7,0.9,0.0
2025-09-20,2029526,36797,0,88.7,1.6,0.0
2025-09-27,2030540,54507,0,88.8,2.4,0.0
2025-10-04,2031695,73627,0,88.8,3.2,0.0
2025-10-11,2033073,93840,0,88.9,4.1,0.0
2025-10-18,2034460,114038,0,89.0,5.0,0.0
2025-10-25,2035880,132557,0,89.0,5.8,0.0
2025-11-01,2041613,148054,0,89.3,6.5,0.0
2025-11-08,2044531,161193,0,89.4,7.0,0.0
2025-11-15,2045453,171773,0,89.4,7.5,0.0
2025-11-22,2046305,181293,0,89.5,7.9,0.0
2025-11-29,2046856,186990,0,89.5,8.2,0.0
2025-12-06,2047457,192573,0,89.5,8.4,0.0
2025-12-13,2047955,197460,0,89.5,8.6,0.0
2025-12-20,2048479,202271,0,89.6,8.8,0.0
2025-12-27,2048764,204960,0,89.6,9.0,0.0
2026-01-03,2049122,208242,0,89.6,9.1,0.0
2026-01-10,2049599,212206,0,89.6,9.3,0.0
2026-01-17,2049945,214712,0,89.6,9.4,0.0
2026-01-24,2050240,216461,0,89.6,9.5,0.0
2026-01-31,2050519,218109,0,89.7,9.5,0.0
2026-02-07,2050771,219592,0,89.7,9.6,0.0
2026-02-14,2050977,220808,0,89.7,9.7,0.0
2026-02-21,2051168,221904,0,89.7,9.7,0.0
2026-02-28,2051348,222825,0,89.7,9.7,0.0
2026-03-07,2051501,223736,0,89.7,9.8,0.0
2026-03-14,2051660,224524,0,89.7,9.8,0.0
2026-03-21,2051798,225240,0,89.7,9.8,0.0
2026-03-28,2051949,226027,0,89.7,9.9,0.0
2026-04-04,2052086,226743,0,89.7,9.9,0.0
2026-04-11,2052230,227484,0,89.7,9.9,0.0
2026-04-18,2052338,228130,0,89.7,10.0,0.0
2026-04-25,2052465,228753,0,89.7,10.0,0.0
2026-05-02,2052583,229321,0,89.7,10.0,0.0
2026-05-09,2052696,229972,0,89.8,10.1,0.0
2026-05-16,2052808,230522,0,89.8,10.1,0.0
2026-05-23,2052905,230990,0,89.8,10.1,0.0
2026-05-30,2052975,231376,0,89.8,10.1,0.0
2026-06-06,2053045,231753,0,89.8,10.1,0.0
2026-06-13,2053116,232096,0,89.8,10.1,0.0
2026-06-20,2053166,232367,0,89.8,10.2,0.0
2026-06-27,2053230,232664,0,89.8,10.2,0.0
2026-07-04,2053261,232855,0,89.8,10.2,0.0
2026-07-11,2053320,233091,0,89.8,10.2,0.0
2026-07-18,2053392,233360,0,89.8,10.2,0.0
2026-07-25,2053455,233587,0,89.8,10.2,0.0
2026-08-01,2053513,233856,0,89.8,10.2,0.0
2026-08-08,2053606,234246,0,89.8,10.2,0.0
2026-08-15,2053657,234520,0,89.8,10.3,0.0
2026-08-22,2053707,234799,0,89.8,10.3,0.0
2026-08-29,2053745,234947,24,89.8,10.3,0.0
2026-09-05,2053916,235004,2048,89.8,10.3,0.1
2026-09-12,2054402,235080,8502,89.8,10.3,0.4
2026-09-19,2055091,235138,17645,89.9,10.3,0.8
2026-09-26,2056004,235188,28991,89.9,10.3,1.3
2026-10-03,2057075,235339,41906,89.9,10.3,1.8
